,Biomass,Fossil Gas,Fossil Oil,Hydro Pumped Storage,Hydro Run-of-river and poundage,Nuclear,Other,Solar,Waste,Wind Offshore,Wind Onshore
2022-06-28 04:00:00,300.00,2550.00,0.00,-151.00,0.00,3494.00,494.00,171.00,277.00,228.00,109.00
2022-06-28 05:00:00,297.00,2492.00,0.00,682.00,0.00,3494.00,615.00,500.00,276.00,281.00,72.00
2022-06-28 06:00:00,299.00,2566.00,0.00,818.00,0.00,3489.00,604.00,1314.00,274.00,243.00,41.00
2022-06-28 07:00:00,295.00,2372.00,0.00,109.00,0.00,3485.00,650.00,2641.00,268.00,168.00,26.00
2022-06-28 08:00:00,295.00,2297.00,14.00,67.00,0.00,3489.00,664.00,3450.00,267.00,116.00,42.00
2022-06-28 09:00:00,293.00,2233.00,0.00,-336.00,0.00,3486.00,550.00,3995.00,261.00,91.00,54.00
2022-06-28 10:00:00,288.00,2353.00,0.00,-931.00,0.00,3478.00,537.00,4270.00,260.00,41.00,57.00
2022-06-28 11:00:00,290.00,2259.00,0.00,-888.00,0.00,3472.00,565.00,4125.00,249.00,7.00,72.00
2022-06-28 12:00:00,285.00,2305.00,0.00,-747.00,0.00,3469.00,647.00,3788.00,252.00,1.00,75.00
2022-06-28 13:00:00,289.00,2360.00,0.00,-341.00,0.00,3469.00,564.00,3513.00,262.00,1.00,66.00
2022-06-28 14:00:00,290.00,2611.00,0.00,-14.00,0.00,3469.00,547.00,3062.00,267.00,5.00,49.00
2022-06-28 15:00:00,295.00,3020.00,0.00,79.00,0.00,3466.00,610.00,2433.00,266.00,4.00,37.00
2022-06-28 16:00:00,297.00,3165.00,0.00,473.00,0.00,3464.00,665.00,1710.00,256.00,21.00,49.00
2022-06-28 17:00:00,295.00,3262.00,0.00,922.00,0.00,3461.00,667.00,947.00,266.00,15.00,49.00
2022-06-28 18:00:00,303.00,3337.00,0.00,1007.00,0.00,3460.00,682.00,355.00,267.00,4.00,45.00
2022-06-28 19:00:00,299.00,3345.00,0.00,920.00,0.00,3458.00,693.00,60.00,276.00,3.00,38.00
2022-06-28 20:00:00,296.00,3305.00,0.00,277.00,0.00,3458.00,625.00,0.00,284.00,5.00,45.00
2022-06-28 21:00:00,298.00,3262.00,0.00,166.00,0.00,3462.00,615.00,0.00,280.00,6.00,76.00
2022-06-28 22:00:00,296.00,2735.00,0.00,28.00,0.00,3468.00,512.00,0.00,270.00,12.00,102.00
2022-06-28 23:00:00,297.00,2567.00,0.00,-15.00,0.00,3469.00,541.00,0.00,277.00,3.00,159.00
2022-06-29 00:00:00,294.00,2499.00,0.00,-362.00,0.00,3469.00,417.00,0.00,283.00,1.00,246.00
2022-06-29 01:00:00,295.00,2500.00,0.00,-828.00,0.00,3474.00,399.00,0.00,278.00,1.00,332.00
2022-06-29 02:00:00,293.00,2585.00,0.00,-928.00,0.00,3477.00,410.00,0.00,285.00,1.00,313.00
2022-06-29 03:00:00,293.00,2773.00,0.00,-147.00,3.00,3478.00,490.00,8.00,281.00,1.00,254.00
2022-06-29 04:00:00,289.00,2869.00,0.00,-150.00,3.00,3476.00,529.00,181.00,283.00,1.00,230.00
2022-06-29 05:00:00,293.00,3038.00,0.00,296.00,3.00,3471.00,674.00,687.00,282.00,1.00,206.00
2022-06-29 06:00:00,293.00,3077.00,0.00,248.00,0.00,3465.00,657.00,1529.00,273.00,1.00,112.00
2022-06-29 07:00:00,290.00,2997.00,0.00,39.00,0.00,3462.00,665.00,2443.00,263.00,1.00,28.00
2022-06-29 08:00:00,288.00,2931.00,19.00,-32.00,0.00,3457.00,676.00,3185.00,272.00,7.00,14.00
2022-06-29 09:00:00,291.00,2835.00,2.00,-13.00,0.00,3454.00,675.00,3818.00,262.00,5.00,29.00
2022-06-29 10:00:00,290.00,2876.00,0.00,-640.00,0.00,3453.00,587.00,4025.00,273.00,31.00,46.00
2022-06-29 11:00:00,291.00,2854.00,0.00,-719.00,0.00,3452.00,592.00,3877.00,275.00,6.00,80.00
2022-06-29 12:00:00,291.00,2890.00,0.00,-714.00,0.00,3449.00,577.00,3801.00,278.00,11.00,84.00
2022-06-29 13:00:00,293.00,2889.00,0.00,-669.00,0.00,3448.00,601.00,3486.00,275.00,22.00,88.00
2022-06-29 14:00:00,293.00,2808.00,0.00,-559.00,0.00,3452.00,594.00,3133.00,271.00,2.00,84.00
2022-06-29 15:00:00,293.00,3004.00,0.00,-59.00,0.00,3451.00,601.00,2565.00,276.00,1.00,84.00
2022-06-29 16:00:00,295.00,3189.00,0.00,455.00,0.00,3450.00,641.00,1817.00,274.00,1.00,73.00
2022-06-29 17:00:00,294.00,3263.00,0.00,683.00,0.00,3448.00,637.00,994.00,277.00,4.00,61.00
2022-06-29 18:00:00,295.00,3298.00,0.00,1023.00,0.00,3454.00,617.00,341.00,283.00,3.00,54.00
2022-06-29 19:00:00,293.00,3292.00,0.00,1012.00,0.00,3457.00,634.00,52.00,285.00,1.00,71.00
2022-06-29 20:00:00,296.00,3302.00,0.00,299.00,0.00,3457.00,584.00,0.00,281.00,1.00,129.00
2022-06-29 21:00:00,295.00,3095.00,0.00,110.00,0.00,3456.00,556.00,0.00,278.00,24.00,136.00
2022-06-29 22:00:00,294.00,2834.00,0.00,-116.00,0.00,3459.00,459.00,0.00,282.00,519.00,166.00
2022-06-29 23:00:00,290.00,2860.00,0.00,-804.00,0.00,3463.00,400.00,0.00,280.00,202.00,173.00
2022-06-30 00:00:00,294.00,2855.00,0.00,-1070.00,0.00,3470.00,500.00,0.00,283.00,128.00,191.00
2022-06-30 01:00:00,294.00,2836.00,0.00,-812.00,0.00,3472.00,477.00,0.00,286.00,61.00,129.00
2022-06-30 02:00:00,290.00,2796.00,0.00,-862.00,0.00,3477.00,514.00,0.00,288.00,2.00,112.00
2022-06-30 03:00:00,293.00,2979.00,0.00,-104.00,0.00,3480.00,496.00,10.00,285.00,2.00,149.00
2022-06-30 04:00:00,294.00,2908.00,0.00,248.00,0.00,3480.00,453.00,199.00,287.00,3.00,150.00
2022-06-30 05:00:00,290.00,3281.00,0.00,403.00,0.00,3477.00,555.00,748.00,286.00,21.00,71.00
2022-06-30 06:00:00,294.00,3284.00,0.00,496.00,0.00,3463.00,582.00,1402.00,283.00,66.00,22.00
2022-06-30 07:00:00,295.00,3272.00,0.00,208.00,0.00,3445.00,576.00,1970.00,280.00,204.00,49.00
2022-06-30 08:00:00,289.00,3094.00,0.00,-77.00,0.00,3442.00,566.00,2416.00,280.00,375.00,71.00
2022-06-30 09:00:00,292.00,3206.00,0.00,-131.00,0.00,3446.00,580.00,2212.00,274.00,310.00,55.00
2022-06-30 10:00:00,291.00,3339.00,0.00,175.00,0.00,3464.00,736.00,1421.00,259.00,341.00,44.00
2022-06-30 11:00:00,290.00,3339.00,0.00,107.00,0.00,3469.00,764.00,1324.00,247.00,252.00,44.00
2022-06-30 12:00:00,292.00,3216.00,0.00,-161.00,0.00,3470.00,694.00,1548.00,248.00,165.00,99.00
2022-06-30 13:00:00,288.00,3231.00,0.00,-433.00,0.00,3471.00,588.00,1072.00,251.00,87.00,446.00
2022-06-30 14:00:00,289.00,3274.00,0.00,-356.00,0.00,3476.00,640.00,498.00,279.00,75.00,844.00
2022-06-30 15:00:00,290.00,3187.00,0.00,11.00,0.00,3484.00,579.00,343.00,279.00,19.00,724.00
2022-06-30 16:00:00,295.00,3337.00,0.00,242.00,0.00,3487.00,609.00,320.00,283.00,107.00,231.00
2022-06-30 17:00:00,293.00,3292.00,0.00,583.00,0.00,3486.00,585.00,230.00,285.00,305.00,110.00
2022-06-30 18:00:00,294.00,3335.00,0.00,122.00,0.00,3485.00,571.00,136.00,286.00,255.00,51.00
2022-06-30 19:00:00,290.00,3310.00,0.00,415.00,0.00,3484.00,587.00,37.00,286.00,252.00,55.00
2022-06-30 20:00:00,292.00,3269.00,0.00,138.00,0.00,3483.00,592.00,0.00,285.00,405.00,199.00
2022-06-30 21:00:00,289.00,2682.00,0.00,-86.00,0.00,3482.00,443.00,0.00,277.00,795.00,398.00
2022-06-30 22:00:00,287.00,1659.00,0.00,-16.00,0.00,3481.00,378.00,0.00,279.00,904.00,400.00
2022-06-30 23:00:00,288.00,1832.00,0.00,-60.00,0.00,3482.00,387.00,0.00,283.00,796.00,396.00
2022-07-01 00:00:00,289.00,1923.00,0.00,-966.00,0.00,3483.00,404.00,0.00,284.00,835.00,380.00
2022-07-01 01:00:00,293.00,1864.00,0.00,-1066.00,0.00,3484.00,411.00,0.00,285.00,973.00,433.00
2022-07-01 02:00:00,293.00,1752.00,0.00,-1050.00,0.00,3487.00,400.00,0.00,284.00,1131.00,412.00
2022-07-01 03:00:00,291.00,1966.00,0.00,-119.00,0.00,3490.00,405.00,5.00,287.00,1186.00,375.00
2022-07-01 04:00:00,291.00,2216.00,0.00,-7.00,0.00,3491.00,475.00,126.00,288.00,1217.00,316.00
2022-07-01 05:00:00,292.00,2249.00,0.00,826.00,0.00,3491.00,575.00,588.00,293.00,1310.00,288.00
2022-07-01 06:00:00,291.00,2288.00,0.00,798.00,0.00,3489.00,590.00,1555.00,293.00,1350.00,195.00
2022-07-01 07:00:00,292.00,2259.00,0.00,80.00,0.00,3489.00,626.00,2457.00,291.00,1181.00,184.00
2022-07-01 08:00:00,293.00,2277.00,26.00,2.00,0.00,3483.00,623.00,2995.00,290.00,1321.00,237.00
2022-07-01 09:00:00,293.00,2063.00,1.00,225.00,0.00,3480.00,644.00,3091.00,286.00,1163.00,318.00
2022-07-01 10:00:00,294.00,1709.00,0.00,308.00,0.00,3479.00,736.00,3064.00,287.00,1003.00,324.00
2022-07-01 11:00:00,295.00,1597.00,0.00,-178.00,0.00,3479.00,753.00,3087.00,287.00,1093.00,403.00
2022-07-01 12:00:00,290.00,1445.00,0.00,-763.00,0.00,3477.00,649.00,3056.00,287.00,1201.00,426.00
2022-07-01 13:00:00,289.00,1374.00,0.00,-1059.00,0.00,3477.00,492.00,2611.00,279.00,1646.00,478.00
2022-07-01 14:00:00,291.00,1277.00,0.00,-1097.00,0.00,3475.00,449.00,2713.00,280.00,1897.00,398.00
2022-07-01 15:00:00,294.00,1517.00,0.00,-114.00,0.00,3477.00,428.00,2365.00,288.00,1948.00,358.00
2022-07-01 16:00:00,292.00,1770.00,0.00,45.00,0.00,3476.00,480.00,1705.00,292.00,2001.00,313.00
2022-07-01 17:00:00,287.00,1861.00,0.00,649.00,0.00,3476.00,552.00,925.00,286.00,2043.00,309.00
2022-07-01 18:00:00,288.00,1864.00,0.00,976.00,0.00,3473.00,601.00,374.00,287.00,1905.00,224.00
2022-07-01 19:00:00,289.00,1751.00,0.00,768.00,0.00,3475.00,541.00,67.00,283.00,1783.00,189.00
2022-07-01 20:00:00,297.00,1811.00,0.00,717.00,0.00,3476.00,491.00,0.00,292.00,1612.00,157.00
2022-07-01 21:00:00,298.00,1788.00,0.00,123.00,0.00,3478.00,567.00,0.00,292.00,1517.00,159.00
2022-07-01 22:00:00,295.00,1240.00,0.00,-152.00,0.00,3476.00,395.00,0.00,296.00,1481.00,154.00
2022-07-01 23:00:00,296.00,1145.00,0.00,93.00,0.00,3452.00,423.00,0.00,293.00,1288.00,152.00
2022-07-02 00:00:00,296.00,1167.00,0.00,0.00,0.00,3449.00,499.00,0.00,293.00,1024.00,150.00
2022-07-02 01:00:00,298.00,1175.00,0.00,26.00,0.00,3480.00,461.00,0.00,294.00,883.00,150.00
2022-07-02 02:00:00,297.00,1103.00,0.00,20.00,0.00,3487.00,437.00,0.00,296.00,727.00,160.00
2022-07-02 03:00:00,296.00,1081.00,0.00,27.00,0.00,3490.00,425.00,6.00,293.00,617.00,168.00
2022-07-02 04:00:00,299.00,1137.00,0.00,-12.00,0.00,3491.00,415.00,179.00,295.00,507.00,192.00
2022-07-02 05:00:00,300.00,1158.00,0.00,-41.00,0.00,3490.00,494.00,707.00,292.00,522.00,225.00
2022-07-02 06:00:00,291.00,1098.00,0.00,-161.00,0.00,3485.00,495.00,1638.00,285.00,620.00,122.00
2022-07-02 07:00:00,286.00,957.00,0.00,-28.00,0.00,3481.00,490.00,2642.00,272.00,419.00,58.00
2022-07-02 08:00:00,285.00,862.00,0.00,-990.00,0.00,3477.00,420.00,3482.00,266.00,258.00,181.00
2022-07-02 09:00:00,288.00,968.00,0.00,-918.00,0.00,3476.00,414.00,3897.00,259.00,126.00,273.00
2022-07-02 10:00:00,289.00,1067.00,0.00,-753.00,0.00,3471.00,506.00,3626.00,256.00,31.00,307.00
2022-07-02 11:00:00,285.00,918.00,0.00,-828.00,0.00,3469.00,504.00,3728.00,269.00,36.00,292.00
2022-07-02 12:00:00,287.00,853.00,0.00,-1090.00,0.00,3467.00,413.00,3609.00,270.00,94.00,221.00
2022-07-02 13:00:00,285.00,931.00,0.00,-768.00,0.00,3466.00,385.00,3435.00,274.00,195.00,209.00
2022-07-02 14:00:00,284.00,980.00,0.00,-128.00,0.00,3462.00,403.00,2954.00,272.00,215.00,181.00
2022-07-02 15:00:00,286.00,1131.00,0.00,55.00,0.00,3459.00,449.00,2355.00,270.00,221.00,149.00
2022-07-02 16:00:00,287.00,1317.00,0.00,161.00,0.00,3464.00,451.00,1595.00,276.00,381.00,98.00
2022-07-02 17:00:00,294.00,1471.00,0.00,735.00,0.00,3469.00,511.00,898.00,286.00,375.00,70.00
2022-07-02 18:00:00,298.00,1691.00,0.00,1028.00,0.00,3469.00,626.00,344.00,294.00,303.00,53.00
2022-07-02 19:00:00,300.00,1655.00,0.00,989.00,0.00,3470.00,671.00,64.00,292.00,288.00,57.00
2022-07-02 20:00:00,298.00,1630.00,0.00,646.00,0.00,3471.00,590.00,0.00,293.00,510.00,59.00
2022-07-02 21:00:00,300.00,1526.00,0.00,407.00,0.00,3473.00,442.00,0.00,293.00,767.00,107.00
2022-07-02 22:00:00,272.00,1306.00,0.00,206.00,0.00,3473.00,433.00,0.00,292.00,707.00,105.00
2022-07-02 23:00:00,270.00,1143.00,0.00,-3.00,0.00,3473.00,542.00,0.00,283.00,714.00,182.00
2022-07-03 00:00:00,292.00,1045.00,0.00,-11.00,0.00,3477.00,379.00,0.00,273.00,655.00,220.00
2022-07-03 01:00:00,285.00,1030.00,0.00,-13.00,0.00,3479.00,360.00,0.00,271.00,626.00,256.00
2022-07-03 02:00:00,289.00,1136.00,0.00,2.00,0.00,3480.00,374.00,0.00,271.00,344.00,237.00
2022-07-03 03:00:00,291.00,1105.00,0.00,-13.00,2.00,3484.00,484.00,7.00,262.00,245.00,185.00
2022-07-03 04:00:00,288.00,1046.00,0.00,-13.00,3.00,3478.00,418.00,191.00,261.00,289.00,218.00
2022-07-03 05:00:00,284.00,1082.00,0.00,-13.00,3.00,3471.00,414.00,680.00,268.00,207.00,162.00
2022-07-03 06:00:00,282.00,1056.00,0.00,-13.00,4.00,3466.00,508.00,1513.00,270.00,158.00,129.00
2022-07-03 07:00:00,282.00,952.00,0.00,-27.00,4.00,3463.00,457.00,2347.00,262.00,133.00,149.00
2022-07-03 08:00:00,283.00,918.00,0.00,-63.00,3.00,3455.00,397.00,3099.00,262.00,191.00,146.00
2022-07-03 09:00:00,283.00,957.00,0.00,-223.00,3.00,3450.00,410.00,3387.00,267.00,217.00,179.00
2022-07-03 10:00:00,281.00,992.00,0.00,-895.00,3.00,3451.00,463.00,3354.00,267.00,272.00,283.00
2022-07-03 11:00:00,282.00,912.00,0.00,-1038.00,3.00,3458.00,472.00,3359.00,262.00,387.00,353.00
2022-07-03 12:00:00,284.00,898.00,0.00,-1108.00,3.00,3468.00,389.00,3142.00,264.00,459.00,393.00
2022-07-03 13:00:00,286.00,1031.00,0.00,-1014.00,0.00,3466.00,401.00,2998.00,266.00,416.00,412.00
2022-07-03 14:00:00,282.00,1018.00,0.00,-989.00,0.00,3466.00,451.00,2797.00,267.00,511.00,434.00
2022-07-03 15:00:00,284.00,1191.00,0.00,-197.00,0.00,3469.00,443.00,2206.00,267.00,586.00,404.00
2022-07-03 16:00:00,282.00,1478.00,0.00,-73.00,0.00,3470.00,438.00,1720.00,264.00,535.00,351.00
2022-07-03 17:00:00,282.00,1646.00,0.00,-10.00,0.00,3472.00,414.00,969.00,262.00,678.00,314.00
2022-07-03 18:00:00,281.00,1923.00,0.00,-4.00,0.00,3474.00,445.00,375.00,268.00,603.00,223.00
2022-07-03 19:00:00,285.00,2038.00,0.00,438.00,0.00,3475.00,519.00,60.00,269.00,529.00,137.00
2022-07-03 20:00:00,284.00,2053.00,0.00,665.00,0.00,3475.00,609.00,0.00,270.00,520.00,114.00
2022-07-03 21:00:00,293.00,1981.00,0.00,170.00,0.00,3474.00,608.00,0.00,277.00,498.00,118.00
2022-07-03 22:00:00,298.00,0.00,0.00,211.00,0.00,3474.00,510.00,0.00,286.00,448.00,136.00
2022-07-03 23:00:00,297.00,1717.00,0.00,106.00,0.00,3476.00,515.00,0.00,285.00,275.00,149.00
2022-07-04 00:00:00,295.00,1694.00,0.00,-268.00,0.00,3476.00,392.00,0.00,283.00,105.00,148.00
2022-07-04 01:00:00,296.00,1745.00,0.00,-521.00,0.00,3481.00,428.00,0.00,280.00,80.00,135.00
2022-07-04 02:00:00,300.00,1606.00,0.00,-567.00,0.00,3484.00,459.00,0.00,284.00,73.00,111.00
2022-07-04 03:00:00,300.00,1893.00,0.00,15.00,0.00,3486.00,474.00,6.00,281.00,59.00,102.00
2022-07-04 04:00:00,298.00,2210.00,0.00,22.00,0.00,3488.00,574.00,174.00,282.00,34.00,101.00
2022-07-04 05:00:00,299.00,2220.00,0.00,405.00,0.00,3488.00,714.00,687.00,274.00,10.00,84.00
2022-07-04 06:00:00,298.00,2210.00,0.00,749.00,0.00,3487.00,729.00,1514.00,268.00,2.00,45.00
2022-07-04 07:00:00,298.00,2098.00,0.00,48.00,0.00,3477.00,677.00,2580.00,258.00,2.00,37.00
2022-07-04 08:00:00,300.00,1803.00,0.00,148.00,0.00,3463.00,600.00,3343.00,254.00,2.00,81.00
2022-07-04 09:00:00,299.00,1695.00,0.00,89.00,0.00,3459.00,603.00,3748.00,255.00,2.00,72.00
2022-07-04 10:00:00,0.00,1557.00,0.00,-338.00,0.00,3455.00,621.00,3663.00,256.00,2.00,63.00
2022-07-04 11:00:00,295.00,0.00,0.00,-872.00,0.00,3453.00,535.00,3706.00,262.00,2.00,73.00
2022-07-04 12:00:00,294.00,1698.00,0.00,-513.00,0.00,3456.00,550.00,3512.00,266.00,2.00,83.00
2022-07-04 13:00:00,292.00,1708.00,0.00,-532.00,0.00,3464.00,625.00,3392.00,265.00,4.00,96.00
2022-07-04 14:00:00,292.00,1760.00,0.00,-185.00,0.00,3462.00,569.00,3019.00,272.00,39.00,117.00
2022-07-04 15:00:00,295.00,1918.00,0.00,66.00,0.00,3463.00,613.00,2539.00,274.00,188.00,145.00
2022-07-04 16:00:00,294.00,2187.00,0.00,55.00,0.00,3465.00,632.00,1826.00,273.00,391.00,194.00
2022-07-04 17:00:00,291.00,2219.00,0.00,937.00,0.00,3468.00,684.00,1007.00,272.00,527.00,200.00
2022-07-04 18:00:00,293.00,2254.00,0.00,773.00,0.00,3470.00,690.00,364.00,274.00,583.00,161.00
2022-07-04 19:00:00,295.00,2223.00,0.00,617.00,0.00,3472.00,686.00,65.00,276.00,461.00,166.00
2022-07-04 20:00:00,294.00,2255.00,0.00,981.00,0.00,3472.00,653.00,0.00,277.00,156.00,244.00
2022-07-04 21:00:00,292.00,2323.00,0.00,919.00,0.00,3471.00,685.00,0.00,278.00,-15.00,186.00
2022-07-04 22:00:00,292.00,2195.00,0.00,67.00,0.00,3472.00,675.00,0.00,280.00,2.00,130.00
2022-07-04 23:00:00,301.00,2220.00,0.00,21.00,0.00,3471.00,634.00,0.00,281.00,2.00,129.00
2022-07-05 00:00:00,296.00,2391.00,0.00,18.00,0.00,3474.00,606.00,0.00,280.00,2.00,76.00
2022-07-05 01:00:00,298.00,2465.00,0.00,-571.00,0.00,3481.00,604.00,0.00,280.00,6.00,42.00
2022-07-05 02:00:00,297.00,2473.00,0.00,-450.00,0.00,3483.00,598.00,0.00,276.00,24.00,38.00
2022-07-05 03:00:00,297.00,2452.00,0.00,40.00,0.00,3483.00,546.00,5.00,274.00,53.00,29.00
2022-07-05 04:00:00,293.00,2498.00,0.00,2.00,0.00,3484.00,615.00,180.00,268.00,116.00,36.00
2022-07-05 05:00:00,289.00,2666.00,0.00,0.00,0.00,3485.00,686.00,686.00,266.00,125.00,40.00
2022-07-05 06:00:00,286.00,2640.00,0.00,163.00,0.00,3483.00,727.00,1490.00,266.00,93.00,34.00
2022-07-05 07:00:00,286.00,2422.00,0.00,102.00,0.00,3478.00,688.00,2283.00,259.00,37.00,32.00
2022-07-05 08:00:00,285.00,2158.00,0.00,-395.00,0.00,3470.00,608.00,2977.00,256.00,81.00,55.00
2022-07-05 09:00:00,286.00,2211.00,0.00,-332.00,0.00,3471.00,608.00,3060.00,259.00,83.00,75.00
2022-07-05 10:00:00,288.00,2302.00,0.00,-358.00,0.00,3472.00,693.00,3097.00,266.00,93.00,121.00
2022-07-05 11:00:00,285.00,2295.00,0.00,-470.00,0.00,3470.00,661.00,3489.00,258.00,50.00,169.00
2022-07-05 12:00:00,285.00,2244.00,0.00,-497.00,0.00,3469.00,528.00,3625.00,256.00,32.00,243.00
2022-07-05 13:00:00,274.00,2258.00,0.00,-380.00,0.00,3463.00,496.00,3269.00,253.00,6.00,312.00
2022-07-05 14:00:00,267.00,2201.00,0.00,-267.00,0.00,3463.00,475.00,3022.00,258.00,3.00,399.00
2022-07-05 15:00:00,276.00,2308.00,0.00,-98.00,0.00,3467.00,426.00,2710.00,251.00,5.00,545.00
2022-07-05 16:00:00,285.00,2330.00,0.00,-39.00,0.00,3469.00,437.00,1959.00,256.00,2.00,590.00
2022-07-05 17:00:00,285.00,2424.00,0.00,338.00,0.00,3475.00,493.00,1059.00,257.00,6.00,602.00
2022-07-05 18:00:00,282.00,2445.00,0.00,654.00,0.00,3479.00,546.00,384.00,258.00,2.00,476.00
2022-07-05 19:00:00,283.00,2515.00,0.00,622.00,0.00,3482.00,514.00,69.00,258.00,2.00,310.00
2022-07-05 20:00:00,281.00,2491.00,0.00,485.00,0.00,3483.00,630.00,0.00,261.00,2.00,269.00
2022-07-05 21:00:00,282.00,2488.00,0.00,274.00,0.00,3482.00,667.00,0.00,260.00,-26.00,220.00
2022-07-05 22:00:00,280.00,2436.00,0.00,13.00,0.00,3480.00,574.00,0.00,261.00,2.00,202.00
2022-07-05 23:00:00,286.00,2462.00,0.00,31.00,0.00,3480.00,438.00,0.00,260.00,2.00,168.00
2022-07-06 00:00:00,283.00,2512.00,0.00,-601.00,0.00,3479.00,428.00,0.00,264.00,2.00,158.00
2022-07-06 01:00:00,280.00,2487.00,0.00,-965.00,0.00,3480.00,419.00,0.00,262.00,2.00,151.00
2022-07-06 02:00:00,279.00,2453.00,0.00,-821.00,0.00,3481.00,418.00,0.00,261.00,2.00,175.00
2022-07-06 03:00:00,280.00,2481.00,0.00,-65.00,0.00,3482.00,449.00,7.00,256.00,2.00,178.00
2022-07-06 04:00:00,280.00,2487.00,0.00,306.00,0.00,3483.00,567.00,203.00,260.00,2.00,124.00
2022-07-06 05:00:00,281.00,2561.00,0.00,487.00,2.00,3483.00,625.00,710.00,260.00,2.00,55.00
2022-07-06 06:00:00,282.00,2644.00,0.00,653.00,3.00,3482.00,724.00,1419.00,259.00,2.00,31.00
2022-07-06 07:00:00,284.00,2578.00,7.00,52.00,0.00,3483.00,718.00,2379.00,257.00,2.00,19.00
2022-07-06 08:00:00,287.00,1838.00,8.00,-48.00,0.00,3484.00,542.00,2793.00,256.00,12.00,31.00
2022-07-06 09:00:00,283.00,1672.00,0.00,-2.00,0.00,3479.00,684.00,2661.00,262.00,14.00,78.00
2022-07-06 10:00:00,287.00,1552.00,0.00,-627.00,0.00,3477.00,538.00,3077.00,256.00,37.00,67.00
2022-07-06 11:00:00,285.00,1469.00,0.00,-1167.00,0.00,3472.00,396.00,3377.00,251.00,54.00,59.00
2022-07-06 12:00:00,285.00,1387.00,0.00,-1153.00,0.00,3467.00,383.00,3579.00,252.00,94.00,68.00
2022-07-06 13:00:00,287.00,1567.00,0.00,-1065.00,0.00,3463.00,423.00,3146.00,250.00,104.00,96.00
2022-07-06 14:00:00,291.00,1512.00,0.00,-645.00,0.00,3461.00,469.00,2600.00,257.00,100.00,130.00
2022-07-06 15:00:00,290.00,1787.00,0.00,58.00,0.00,3462.00,493.00,2164.00,261.00,187.00,168.00
2022-07-06 16:00:00,290.00,2166.00,0.00,227.00,0.00,3465.00,614.00,1466.00,259.00,408.00,224.00
2022-07-06 17:00:00,285.00,2817.00,0.00,1144.00,0.00,3464.00,721.00,747.00,263.00,571.00,203.00
2022-07-06 18:00:00,290.00,2940.00,0.00,1095.00,0.00,3467.00,732.00,254.00,260.00,963.00,174.00
2022-07-06 19:00:00,291.00,2877.00,0.00,975.00,0.00,3455.00,629.00,46.00,264.00,952.00,204.00
2022-07-06 20:00:00,292.00,2856.00,0.00,185.00,0.00,3453.00,579.00,0.00,265.00,905.00,251.00
2022-07-06 21:00:00,293.00,2849.00,0.00,28.00,0.00,3453.00,642.00,0.00,266.00,783.00,250.00
2022-07-06 22:00:00,292.00,2032.00,0.00,-7.00,0.00,3451.00,458.00,0.00,267.00,847.00,336.00
2022-07-06 23:00:00,289.00,1567.00,0.00,-4.00,0.00,3450.00,452.00,0.00,262.00,729.00,421.00
2022-07-07 00:00:00,287.00,1222.00,0.00,-488.00,0.00,3450.00,451.00,0.00,266.00,1230.00,543.00
2022-07-07 01:00:00,288.00,1090.00,0.00,-784.00,0.00,3449.00,377.00,0.00,262.00,1302.00,520.00
2022-07-07 02:00:00,290.00,1085.00,0.00,-780.00,0.00,3450.00,365.00,0.00,268.00,1289.00,552.00
2022-07-07 03:00:00,290.00,1056.00,0.00,-491.00,0.00,3453.00,369.00,0.00,266.00,1389.00,562.00
2022-07-07 04:00:00,290.00,1225.00,0.00,-149.00,0.00,3461.00,396.00,63.00,268.00,992.00,600.00
2022-07-07 05:00:00,291.00,1257.00,0.00,109.00,0.00,3464.00,621.00,299.00,270.00,969.00,659.00
2022-07-07 06:00:00,290.00,1226.00,0.00,20.00,0.00,3467.00,634.00,891.00,268.00,1162.00,764.00
2022-07-07 07:00:00,291.00,1150.00,11.00,-436.00,0.00,3465.00,463.00,1574.00,266.00,1257.00,886.00
2022-07-07 08:00:00,292.00,1289.00,0.00,-12.00,0.00,3454.00,462.00,1776.00,267.00,1247.00,995.00
2022-07-07 09:00:00,286.00,1333.00,0.00,99.00,0.00,3463.00,555.00,1710.00,268.00,1606.00,1088.00
2022-07-07 10:00:00,290.00,1329.00,0.00,349.00,0.00,3470.00,695.00,1698.00,269.00,1460.00,1076.00
2022-07-07 11:00:00,290.00,1230.00,0.00,-411.00,0.00,3468.00,594.00,1827.00,267.00,1542.00,995.00
2022-07-07 12:00:00,291.00,1253.00,0.00,-516.00,0.00,3470.00,577.00,1661.00,268.00,1417.00,931.00
2022-07-07 13:00:00,287.00,1185.00,0.00,-426.00,0.00,3474.00,668.00,1959.00,270.00,1143.00,863.00
2022-07-07 14:00:00,289.00,1083.00,0.00,-1084.00,0.00,3475.00,488.00,2506.00,268.00,1016.00,882.00
2022-07-07 15:00:00,292.00,1151.00,0.00,-246.00,0.00,3540.00,402.00,1944.00,270.00,888.00,817.00
2022-07-07 16:00:00,289.00,1306.00,0.00,196.00,0.00,3551.00,496.00,1217.00,269.00,722.00,814.00
2022-07-07 17:00:00,288.00,1371.00,0.00,631.00,0.00,3562.00,642.00,700.00,265.00,524.00,819.00
2022-07-07 18:00:00,287.00,1451.00,0.00,911.00,0.00,3571.00,638.00,318.00,267.00,413.00,670.00
2022-07-07 19:00:00,290.00,1498.00,0.00,936.00,0.00,3574.00,627.00,56.00,268.00,287.00,476.00
2022-07-07 20:00:00,289.00,1535.00,0.00,874.00,0.00,3584.00,618.00,0.00,268.00,155.00,328.00
2022-07-07 21:00:00,288.00,1503.00,0.00,315.00,0.00,3600.00,558.00,0.00,265.00,56.00,305.00
2022-07-07 22:00:00,0.00,1458.00,0.00,4.00,0.00,3612.00,525.00,0.00,266.00,10.00,284.00
2022-07-07 23:00:00,292.00,1304.00,0.00,-38.00,0.00,3627.00,431.00,0.00,272.00,1.00,280.00
2022-07-08 00:00:00,298.00,1296.00,0.00,-12.00,0.00,3640.00,445.00,0.00,280.00,4.00,250.00
2022-07-08 01:00:00,303.00,1292.00,0.00,-1033.00,0.00,3652.00,485.00,0.00,285.00,13.00,218.00
2022-07-08 02:00:00,308.00,1415.00,0.00,-1042.00,0.00,3670.00,399.00,0.00,287.00,3.00,183.00
2022-07-08 03:00:00,300.00,1583.00,0.00,-212.00,0.00,3687.00,376.00,4.00,286.00,12.00,160.00
2022-07-08 04:00:00,296.00,1586.00,0.00,301.00,0.00,3709.00,469.00,160.00,286.00,25.00,122.00
2022-07-08 05:00:00,298.00,1785.00,0.00,326.00,0.00,3712.00,680.00,684.00,283.00,24.00,47.00
2022-07-08 06:00:00,298.00,2039.00,0.00,727.00,0.00,3718.00,611.00,1530.00,285.00,16.00,13.00
2022-07-08 07:00:00,299.00,2093.00,7.00,366.00,0.00,3732.00,588.00,2496.00,283.00,32.00,10.00
2022-07-08 08:00:00,298.00,1946.00,0.00,1.00,0.00,3748.00,561.00,3408.00,284.00,58.00,11.00
2022-07-08 09:00:00,297.00,1816.00,0.00,-210.00,0.00,3759.00,451.00,4030.00,279.00,153.00,11.00
2022-07-08 10:00:00,297.00,1378.00,0.00,-680.00,0.00,3769.00,409.00,4349.00,282.00,153.00,14.00
2022-07-08 11:00:00,299.00,1352.00,0.00,-1159.00,0.00,3774.00,385.00,4408.00,279.00,100.00,25.00
2022-07-08 12:00:00,275.00,1364.00,0.00,-1153.00,0.00,3777.00,358.00,4247.00,282.00,48.00,40.00
2022-07-08 13:00:00,242.00,1367.00,0.00,-735.00,0.00,3784.00,380.00,3792.00,275.00,25.00,66.00
2022-07-08 14:00:00,298.00,1471.00,0.00,-759.00,0.00,3791.00,468.00,3196.00,273.00,8.00,82.00
2022-07-08 15:00:00,300.00,1875.00,0.00,-6.00,0.00,3797.00,477.00,2557.00,277.00,1.00,98.00
2022-07-08 16:00:00,299.00,2319.00,0.00,46.00,0.00,3803.00,479.00,1806.00,277.00,1.00,103.00
2022-07-08 17:00:00,300.00,2363.00,0.00,1000.00,0.00,3804.00,510.00,1005.00,280.00,1.00,89.00
2022-07-08 18:00:00,301.00,2388.00,0.00,983.00,0.00,3806.00,614.00,349.00,282.00,1.00,63.00
2022-07-08 19:00:00,296.00,2382.00,0.00,936.00,0.00,3811.00,610.00,42.00,283.00,1.00,51.00
2022-07-08 20:00:00,299.00,2371.00,0.00,538.00,0.00,3813.00,615.00,0.00,285.00,1.00,59.00
2022-07-08 21:00:00,300.00,2413.00,0.00,126.00,0.00,3819.00,627.00,0.00,284.00,-27.00,58.00
2022-07-08 22:00:00,271.00,1481.00,0.00,35.00,0.00,3826.00,0.00,0.00,162.00,2.00,45.00
2022-07-08 23:00:00,269.00,1372.00,0.00,48.00,0.00,3827.00,0.00,0.00,163.00,5.00,26.00
2022-07-09 00:00:00,273.00,1110.00,0.00,23.00,0.00,3828.00,0.00,0.00,164.00,13.00,13.00
2022-07-09 01:00:00,273.00,975.00,0.00,38.00,0.00,3829.00,0.00,0.00,165.00,11.00,11.00
2022-07-09 02:00:00,272.00,967.00,0.00,-47.00,0.00,3836.00,0.00,0.00,166.00,47.00,19.00
2022-07-09 03:00:00,265.00,941.00,0.00,-57.00,3.00,3844.00,0.00,3.00,166.00,110.00,36.00
2022-07-09 04:00:00,258.00,922.00,0.00,-432.00,3.00,3860.00,0.00,168.00,167.00,205.00,58.00
2022-07-09 05:00:00,258.00,859.00,0.00,-79.00,3.00,3873.00,0.00,608.00,165.00,660.00,80.00
2022-07-09 06:00:00,259.00,848.00,0.00,-113.00,3.00,3880.00,0.00,1233.00,164.00,787.00,81.00
2022-07-09 07:00:00,258.00,869.00,0.00,-121.00,0.00,3878.00,0.00,1920.00,160.00,627.00,80.00
2022-07-09 08:00:00,259.00,773.00,0.00,-121.00,0.00,3879.00,0.00,2610.00,161.00,415.00,118.00
2022-07-09 09:00:00,257.00,741.00,0.00,-15.00,0.00,3878.00,0.00,2858.00,160.00,253.00,152.00
2022-07-09 10:00:00,258.00,708.00,0.00,16.00,0.00,3869.00,0.00,3009.00,159.00,425.00,223.00
2022-07-09 11:00:00,259.00,604.00,0.00,-801.00,0.00,3876.00,0.00,3013.00,155.00,760.00,393.00
2022-07-09 12:00:00,257.00,622.00,0.00,-1121.00,0.00,3875.00,0.00,3195.00,156.00,680.00,681.00
2022-07-09 13:00:00,227.00,617.00,0.00,-1147.00,0.00,3876.00,0.00,3633.00,159.00,502.00,754.00
2022-07-09 14:00:00,165.00,709.00,0.00,-1127.00,0.00,3873.00,0.00,3299.00,163.00,512.00,615.00
2022-07-09 15:00:00,177.00,740.00,0.00,-891.00,0.00,3873.00,0.00,2733.00,163.00,354.00,781.00
2022-07-09 16:00:00,247.00,765.00,0.00,-15.00,0.00,3872.00,0.00,1818.00,161.00,366.00,763.00
2022-07-09 17:00:00,258.00,808.00,0.00,0.00,0.00,3877.00,0.00,1021.00,160.00,436.00,773.00
2022-07-09 18:00:00,257.00,917.00,0.00,793.00,0.00,3881.00,0.00,377.00,162.00,339.00,617.00
2022-07-09 19:00:00,260.00,935.00,0.00,964.00,0.00,3884.00,0.00,65.00,165.00,301.00,543.00
2022-07-09 20:00:00,257.00,968.00,0.00,968.00,0.00,3887.00,0.00,0.00,166.00,354.00,535.00
2022-07-09 21:00:00,267.00,789.00,0.00,856.00,0.00,3894.00,0.00,0.00,163.00,275.00,492.00
2022-07-09 22:00:00,260.00,766.00,0.00,195.00,0.00,3901.00,0.00,0.00,164.00,116.00,404.00
2022-07-09 23:00:00,256.00,722.00,0.00,22.00,0.00,3902.00,0.00,0.00,164.00,13.00,319.00
2022-07-10 00:00:00,256.00,770.00,0.00,57.00,0.00,3906.00,0.00,0.00,165.00,4.00,277.00
2022-07-10 01:00:00,256.00,727.00,0.00,-9.00,0.00,3908.00,0.00,0.00,164.00,3.00,292.00
2022-07-10 02:00:00,256.00,706.00,0.00,-14.00,0.00,3909.00,0.00,0.00,167.00,3.00,182.00
2022-07-10 03:00:00,256.00,707.00,0.00,-9.00,0.00,3907.00,0.00,1.00,167.00,3.00,131.00
2022-07-10 04:00:00,256.00,732.00,0.00,-9.00,0.00,3903.00,0.00,137.00,167.00,3.00,154.00
2022-07-10 05:00:00,256.00,737.00,0.00,-9.00,0.00,3901.00,0.00,525.00,164.00,3.00,111.00
2022-07-10 06:00:00,255.00,735.00,0.00,-9.00,0.00,3900.00,0.00,1166.00,165.00,3.00,63.00
2022-07-10 07:00:00,255.00,694.00,0.00,-9.00,0.00,3900.00,0.00,2085.00,164.00,3.00,43.00
2022-07-10 08:00:00,255.00,691.00,0.00,-220.00,0.00,3895.00,0.00,2627.00,165.00,3.00,41.00
2022-07-10 09:00:00,206.00,693.00,0.00,-511.00,0.00,3895.00,0.00,2860.00,165.00,3.00,43.00
2022-07-10 10:00:00,137.00,700.00,0.00,-891.00,0.00,3890.00,0.00,2704.00,165.00,5.00,38.00
2022-07-10 11:00:00,129.00,603.00,0.00,-1041.00,0.00,3889.00,0.00,3179.00,163.00,15.00,52.00
2022-07-10 12:00:00,131.00,580.00,0.00,-1137.00,0.00,3897.00,0.00,3531.00,152.00,19.00,57.00
2022-07-10 13:00:00,132.00,668.00,0.00,-1010.00,0.00,3900.00,0.00,3464.00,159.00,12.00,61.00
2022-07-10 14:00:00,133.00,716.00,0.00,-958.00,0.00,3895.00,0.00,3029.00,163.00,14.00,73.00
2022-07-10 15:00:00,174.00,719.00,0.00,-36.00,0.00,3894.00,0.00,2334.00,163.00,4.00,110.00
2022-07-10 16:00:00,251.00,828.00,0.00,21.00,0.00,3874.00,0.00,1741.00,162.00,3.00,142.00
2022-07-10 17:00:00,260.00,1059.00,0.00,36.00,0.00,3879.00,0.00,960.00,162.00,3.00,144.00
2022-07-10 18:00:00,259.00,1328.00,0.00,823.00,0.00,3885.00,0.00,336.00,163.00,3.00,120.00
2022-07-10 19:00:00,261.00,1350.00,0.00,839.00,0.00,3888.00,0.00,51.00,164.00,3.00,90.00
2022-07-10 20:00:00,268.00,1363.00,0.00,781.00,0.00,3888.00,0.00,0.00,164.00,3.00,57.00
2022-07-10 21:00:00,271.00,1214.00,0.00,481.00,0.00,3894.00,0.00,0.00,164.00,-28.00,62.00
2022-07-10 22:00:00,271.00,1283.00,0.00,82.00,0.00,3898.00,0.00,0.00,167.00,3.00,52.00
2022-07-10 23:00:00,272.00,1347.00,0.00,18.00,0.00,3899.00,0.00,0.00,164.00,3.00,75.00
2022-07-11 00:00:00,272.00,1336.00,0.00,-978.00,0.00,3900.00,0.00,0.00,164.00,3.00,79.00
2022-07-11 01:00:00,271.00,1378.00,0.00,-1020.00,0.00,3901.00,0.00,0.00,164.00,3.00,59.00
2022-07-11 02:00:00,272.00,1749.00,0.00,-1005.00,0.00,3903.00,0.00,0.00,164.00,3.00,43.00
2022-07-11 03:00:00,271.00,2185.00,0.00,-202.00,0.00,3904.00,0.00,2.00,165.00,3.00,45.00
2022-07-11 04:00:00,269.00,2806.00,0.00,-181.00,0.00,3905.00,0.00,166.00,164.00,3.00,40.00
2022-07-11 05:00:00,270.00,3400.00,0.00,468.00,0.00,3904.00,0.00,584.00,163.00,3.00,25.00
2022-07-11 06:00:00,270.00,3453.00,0.00,759.00,0.00,3903.00,0.00,1225.00,162.00,6.00,11.00
2022-07-11 07:00:00,269.00,3218.00,0.00,165.00,0.00,3901.00,0.00,1854.00,162.00,3.00,8.00
2022-07-11 08:00:00,269.00,3181.00,0.00,79.00,0.00,3897.00,0.00,2354.00,158.00,3.00,9.00
2022-07-11 09:00:00,268.00,3098.00,0.00,-2.00,0.00,3896.00,0.00,2863.00,156.00,3.00,12.00
2022-07-11 10:00:00,267.00,3114.00,0.00,66.00,0.00,3897.00,0.00,3281.00,153.00,3.00,22.00
2022-07-11 11:00:00,263.00,2850.00,0.00,-31.00,0.00,3897.00,0.00,3540.00,150.00,3.00,30.00
2022-07-11 12:00:00,265.00,2515.00,0.00,-468.00,0.00,3895.00,0.00,3625.00,152.00,3.00,35.00
2022-07-11 13:00:00,264.00,2432.00,0.00,-500.00,0.00,3891.00,0.00,3534.00,155.00,3.00,40.00
2022-07-11 14:00:00,263.00,2617.00,0.00,-3.00,0.00,3887.00,0.00,3347.00,158.00,3.00,68.00
2022-07-11 15:00:00,264.00,2831.00,0.00,54.00,0.00,3882.00,0.00,2735.00,157.00,3.00,79.00
2022-07-11 16:00:00,264.00,3052.00,0.00,140.00,0.00,3876.00,0.00,1866.00,158.00,3.00,79.00
2022-07-11 17:00:00,264.00,3356.00,0.00,847.00,0.00,3874.00,0.00,931.00,157.00,3.00,90.00
2022-07-11 18:00:00,264.00,3395.00,0.00,808.00,0.00,3874.00,0.00,358.00,160.00,7.00,123.00
2022-07-11 19:00:00,263.00,3398.00,0.00,888.00,0.00,3880.00,0.00,53.00,161.00,38.00,185.00
2022-07-11 20:00:00,264.00,3319.00,0.00,170.00,0.00,3882.00,0.00,0.00,162.00,43.00,204.00
2022-07-11 21:00:00,264.00,3348.00,0.00,61.00,0.00,3877.00,0.00,0.00,163.00,19.00,221.00
2022-07-11 22:00:00,262.00,3090.00,0.00,-124.00,0.00,3877.00,0.00,0.00,163.00,73.00,200.00
2022-07-11 23:00:00,264.00,2988.00,0.00,-71.00,0.00,3886.00,0.00,0.00,164.00,77.00,205.00
2022-07-12 00:00:00,253.00,2995.00,0.00,-188.00,0.00,3887.00,0.00,0.00,164.00,59.00,219.00
2022-07-12 01:00:00,250.00,2994.00,0.00,-213.00,0.00,3890.00,0.00,0.00,166.00,69.00,244.00
