,Biomass,Fossil Brown coal/Lignite,Fossil Gas,Fossil Hard coal,Fossil Oil,Geothermal,Hydro Pumped Storage,Hydro Run-of-river and poundage,Hydro Water Reservoir,Nuclear,Other,Other renewable,Solar,Waste,Wind Offshore,Wind Onshore
2022-06-28 03:00:00,4078.00,13372.50,8467.50,7334.50,8.00,20.00,-1434.00,1603.50,236.50,3989.50,261.00,89.00,414.50,455.50,930.50,4952.50
2022-06-28 04:00:00,4086.00,13485.00,9285.75,7466.00,8.00,20.00,-1158.25,1601.00,180.50,3999.00,262.00,89.00,2045.25,467.00,982.25,4930.50
2022-06-28 05:00:00,4096.75,13346.50,9605.00,7438.75,8.00,20.00,208.25,1615.25,218.75,4002.50,261.75,89.00,6215.75,468.75,1152.75,4354.00
2022-06-28 06:00:00,4106.00,13358.50,9457.00,7512.00,8.00,20.00,1387.00,1624.00,221.25,4002.25,262.00,89.00,12544.75,482.50,904.75,3647.00
2022-06-28 07:00:00,4109.50,13550.75,8359.25,7315.50,8.00,20.00,-437.25,1635.00,152.00,3994.50,262.00,89.00,19652.00,462.25,903.75,2918.50
2022-06-28 08:00:00,4138.00,13412.00,7507.50,6783.50,8.00,20.00,-1479.25,1620.50,146.75,3990.00,263.00,89.25,25449.50,482.25,993.25,2481.50
2022-06-28 09:00:00,4168.50,13203.50,6974.50,6578.25,8.00,20.00,-2480.75,1602.75,148.75,3987.75,262.00,89.00,28963.25,482.00,909.25,2021.25
2022-06-28 10:00:00,4173.25,13139.25,6033.25,6836.25,8.00,20.00,-4667.00,1629.75,90.00,3986.75,261.25,89.00,30180.50,490.25,666.00,1781.75
2022-06-28 11:00:00,4171.75,12843.75,5832.75,6885.25,8.00,20.00,-4682.25,1627.75,36.25,3943.75,261.00,89.00,30069.75,487.25,507.75,1623.00
2022-06-28 12:00:00,4175.75,13156.25,6218.00,6887.75,8.00,20.00,-3066.25,1627.75,63.50,3903.00,261.00,89.00,28667.00,481.00,358.50,1383.00
2022-06-28 13:00:00,4172.25,13317.50,7360.75,7338.00,8.00,20.00,-1174.75,1608.00,58.50,3980.25,261.00,89.00,25891.25,550.25,237.50,1236.00
2022-06-28 14:00:00,4169.25,13564.25,8011.50,7216.25,8.00,20.00,-561.00,1607.75,89.75,3978.25,261.00,89.00,22040.00,576.75,177.50,1056.50
2022-06-28 15:00:00,4172.25,13868.25,9764.25,7113.00,8.00,20.00,1730.00,1613.75,259.50,3976.50,261.00,89.00,16083.75,576.50,137.75,1129.50
2022-06-28 16:00:00,4174.00,14138.50,10451.75,7141.75,8.00,20.00,5398.50,1619.00,397.50,3974.50,261.00,89.00,10031.75,579.00,121.25,1197.25
2022-06-28 17:00:00,4176.50,14152.75,11335.25,7088.00,8.00,20.00,6286.00,1633.00,440.00,3974.25,261.00,89.00,5066.50,579.25,218.75,1410.50
2022-06-28 18:00:00,4180.25,14153.50,11434.25,6968.25,8.00,20.00,6086.25,1657.50,436.25,3975.00,261.00,89.00,1726.50,581.00,378.50,1938.00
2022-06-28 19:00:00,4179.75,14173.50,10808.25,6967.50,8.00,20.00,5049.25,1679.75,403.75,3973.25,261.00,89.00,182.75,582.25,470.25,3299.25
2022-06-28 20:00:00,4180.25,14167.00,10624.00,6947.75,8.00,20.00,2537.75,1679.00,354.00,3972.25,261.00,89.00,0.25,583.50,572.50,5541.75
2022-06-28 21:00:00,4175.25,13970.75,9995.50,6899.00,8.00,20.00,67.50,1689.75,178.50,3973.00,261.00,89.00,0.00,564.75,638.75,7994.25
2022-06-28 22:00:00,4162.00,13470.75,7333.50,6958.50,88.50,20.00,-1921.75,1685.75,167.25,3971.00,259.00,89.00,0.00,531.75,1004.50,9583.50
2022-06-28 23:00:00,4159.00,13419.50,6867.25,7004.50,103.25,20.00,-5049.50,1688.00,128.75,3958.25,259.00,89.00,0.00,539.75,1796.25,10342.00
2022-06-29 00:00:00,4163.25,13429.50,6320.25,6820.75,104.75,20.00,-5848.25,1698.00,195.00,3966.75,259.00,89.00,0.00,544.50,2219.75,9948.50
2022-06-29 01:00:00,4160.25,13486.50,6210.00,6769.75,106.25,20.00,-5118.50,1700.25,220.00,3971.75,259.00,89.00,0.00,545.00,2397.00,9205.50
2022-06-29 02:00:00,4143.75,13569.25,6348.50,6608.25,107.00,20.00,-4519.75,1711.75,228.00,3974.00,259.00,89.00,3.25,534.00,2177.25,8536.00
2022-06-29 03:00:00,4134.75,13603.50,7099.00,6681.75,107.00,20.00,-2417.75,1717.50,232.25,3976.50,259.00,89.00,287.25,533.50,1815.75,8236.25
2022-06-29 04:00:00,4133.25,13644.25,9544.25,6763.25,102.50,20.00,481.75,1716.50,317.75,3989.00,259.00,89.00,1883.00,534.25,1594.25,7562.25
2022-06-29 05:00:00,4147.75,13615.25,10406.00,7101.00,8.00,20.00,1844.75,1688.50,286.50,3988.25,259.00,89.00,5025.75,525.75,1458.25,5951.25
2022-06-29 06:00:00,4157.50,13682.50,10542.50,7131.25,8.00,20.00,2797.00,1684.00,289.00,3984.00,259.00,89.00,9197.25,531.25,1482.50,4458.00
2022-06-29 07:00:00,4157.75,13786.25,10469.75,6963.50,8.00,20.00,1315.50,1684.00,301.75,3978.75,259.00,89.00,13344.50,531.75,1200.75,4362.50
2022-06-29 08:00:00,4160.25,13665.50,10409.75,6972.75,8.00,20.00,654.00,1678.25,206.00,3973.50,259.00,89.00,17025.25,531.25,1022.75,4643.50
2022-06-29 09:00:00,4156.50,13608.75,9965.50,6860.75,8.00,20.00,-55.25,1674.50,174.50,3964.00,259.75,89.00,19360.50,539.25,1029.75,4953.75
2022-06-29 10:00:00,4161.75,13761.50,9233.75,6528.25,8.00,20.00,-459.50,1674.25,275.25,3958.75,259.00,89.00,21250.50,546.75,1311.00,4953.25
2022-06-29 11:00:00,4162.75,13740.50,9115.25,6559.00,8.00,20.00,-2174.50,1649.25,101.00,3955.00,259.00,89.00,22771.00,537.25,1619.75,4753.50
2022-06-29 12:00:00,4159.00,13775.25,9026.00,6791.75,8.00,20.00,-2801.75,1640.25,97.25,3955.00,259.00,89.00,22609.50,527.75,1936.75,4424.50
2022-06-29 13:00:00,4179.25,13469.00,9335.75,6963.00,8.00,20.00,-2636.75,1633.75,137.25,3951.50,259.00,89.00,21310.25,529.50,1747.75,4315.50
2022-06-29 14:00:00,4178.50,13641.75,9115.75,6992.25,8.00,20.00,-2479.75,1637.25,213.50,3948.75,259.00,89.00,19058.75,540.50,1629.50,4218.00
2022-06-29 15:00:00,4173.50,13801.00,9934.25,7159.75,8.00,20.00,-1012.50,1637.50,236.00,3945.75,259.00,89.00,15111.00,536.00,1396.75,4108.50
2022-06-29 16:00:00,4174.50,13973.00,9992.25,7227.00,8.00,20.00,2220.75,1623.75,359.25,3947.00,259.00,89.00,9769.50,541.00,1499.75,4073.00
2022-06-29 17:00:00,4171.25,14027.50,10228.50,6982.25,8.00,20.00,5843.00,1602.00,411.50,3947.00,259.00,89.00,4984.50,541.00,2107.25,4062.25
2022-06-29 18:00:00,4168.50,14000.75,10119.25,6977.75,90.75,20.00,4881.75,1587.00,345.25,3946.00,259.00,89.00,1629.00,541.50,2619.00,4227.25
2022-06-29 19:00:00,4163.25,14022.50,9233.50,7162.75,96.50,20.00,4211.25,1611.50,343.00,3950.75,259.00,89.00,132.75,540.75,2803.50,5153.25
2022-06-29 20:00:00,4159.00,14052.50,8891.75,7135.75,99.25,20.00,2935.00,1610.75,308.25,3948.50,259.00,89.00,0.25,542.50,3129.75,6371.50
2022-06-29 21:00:00,4155.75,14002.25,8750.25,7151.50,100.75,20.00,641.50,1609.25,168.50,3951.25,259.00,89.00,0.00,540.75,3316.00,7305.00
2022-06-29 22:00:00,4141.00,13795.00,8343.00,7070.75,13.00,20.00,-933.25,1612.75,128.75,3960.50,262.00,89.00,0.00,537.75,3970.75,7046.75
2022-06-29 23:00:00,4135.00,13623.50,7200.00,6990.00,8.00,20.00,-1538.00,1626.75,161.00,3961.25,262.00,89.00,0.00,538.75,3940.25,6734.00
2022-06-30 00:00:00,4139.50,13392.50,7183.50,6976.25,8.00,20.00,-2725.75,1627.75,174.00,3965.75,262.00,89.00,0.00,542.25,2304.50,6396.50
2022-06-30 01:00:00,4138.75,13466.25,6917.00,6843.75,8.00,20.00,-4383.00,1616.25,229.25,3969.00,262.00,89.00,0.00,545.25,2378.00,5576.25
2022-06-30 02:00:00,4131.75,13456.50,6977.75,7002.75,8.00,20.00,-4447.00,1616.75,170.00,3976.25,262.00,89.00,2.75,542.00,2575.00,5038.75
2022-06-30 03:00:00,4124.00,13451.75,7625.25,7149.00,8.00,20.00,-1214.75,1602.00,190.00,3981.75,262.00,89.00,279.50,544.00,2165.00,4947.75
2022-06-30 04:00:00,4116.25,13699.50,9719.50,7242.75,8.00,20.00,1134.75,1573.75,243.00,3977.50,262.00,89.00,2239.50,535.00,2941.00,3926.75
2022-06-30 05:00:00,4123.25,13785.50,9765.75,7639.75,8.00,20.00,2605.75,1565.00,344.50,3985.00,262.00,89.00,6619.25,532.50,2571.75,2655.00
2022-06-30 06:00:00,4139.00,13589.25,9870.75,7886.25,8.00,20.00,2598.50,1597.50,312.50,3978.00,262.00,89.00,13238.25,571.00,2588.50,1693.75
2022-06-30 07:00:00,4125.75,13282.50,9453.00,7946.75,8.00,20.00,642.50,1595.25,196.00,3962.50,262.00,89.00,20760.00,584.50,2742.25,1441.25
2022-06-30 08:00:00,4115.50,12858.25,8830.00,7912.50,8.00,20.00,-1215.50,1625.50,166.00,3951.50,262.00,89.00,27054.50,570.25,2588.25,1588.75
2022-06-30 09:00:00,4118.00,12905.00,8362.25,7647.00,8.00,20.00,-2172.25,1615.25,206.00,3943.25,262.00,89.00,30699.50,568.50,2295.25,1540.75
2022-06-30 10:00:00,4112.75,12877.50,7992.25,7567.25,8.00,20.00,-2893.00,1623.00,131.75,3936.50,262.00,89.00,32874.25,581.25,1831.25,1223.50
2022-06-30 11:00:00,4105.25,12896.75,8251.00,7668.00,8.00,20.00,-4111.50,1590.75,128.25,3929.75,262.00,89.00,33128.25,592.50,1722.25,956.50
2022-06-30 12:00:00,4100.75,12955.00,8323.75,7656.75,8.00,20.00,-3633.00,1549.75,100.25,3925.25,262.00,89.00,31575.00,588.50,1481.75,1093.75
2022-06-30 13:00:00,4099.75,13010.75,8997.00,7606.00,8.00,20.00,-1333.00,1573.50,193.50,3925.00,262.00,89.00,28140.75,586.25,1086.50,1426.00
2022-06-30 14:00:00,4098.75,13139.75,10108.50,7587.00,8.00,20.00,1503.25,1602.75,394.00,3922.75,262.00,89.00,22256.75,586.75,773.50,1867.75
2022-06-30 15:00:00,4106.75,13698.25,9574.50,7565.75,8.00,20.00,2196.75,1586.75,278.25,3921.00,262.00,89.00,15453.50,585.75,893.00,3303.50
2022-06-30 16:00:00,4114.25,13773.75,9545.25,7321.25,8.00,20.00,3500.00,1563.00,348.75,3919.25,262.00,89.00,9116.25,584.75,1072.50,5845.25
2022-06-30 17:00:00,4110.00,13761.50,9930.50,7355.75,8.00,20.00,5283.50,1566.75,267.25,3920.25,262.00,89.00,4246.75,591.00,969.00,7795.50
2022-06-30 18:00:00,4106.50,13817.75,9792.00,7339.25,8.00,20.00,4941.00,1579.75,287.50,3925.00,262.00,89.00,1304.75,567.75,1058.25,9108.50
2022-06-30 19:00:00,4096.75,13846.00,9783.25,7238.50,8.00,20.00,3958.75,1602.00,276.50,3934.75,262.00,89.00,95.00,580.50,1617.00,10182.75
2022-06-30 20:00:00,4091.25,13668.75,9524.00,6999.75,8.00,20.00,1734.50,1615.75,197.00,3954.00,262.00,89.00,0.25,580.00,1715.00,11754.25
2022-06-30 21:00:00,4092.00,13551.25,6697.25,6523.50,8.00,20.00,-814.00,1630.25,155.50,3959.25,262.00,89.00,0.00,579.25,1118.25,13520.50
2022-06-30 22:00:00,4080.00,13793.75,4618.75,6564.25,8.00,21.00,-2611.00,1679.50,201.75,3969.75,262.00,90.00,0.00,551.25,1419.25,13266.25
2022-06-30 23:00:00,4086.25,13861.50,4534.25,6577.00,8.00,21.00,-2884.00,1700.75,284.25,3982.00,262.00,90.00,0.00,552.50,1306.50,12224.75
2022-07-01 00:00:00,4101.25,13985.50,4586.50,6549.00,8.00,21.00,-3972.50,1708.00,313.25,3987.50,262.00,90.00,0.00,552.75,1032.25,11479.50
2022-07-01 01:00:00,4101.75,14101.75,4514.75,6537.00,8.00,21.00,-4710.50,1715.75,125.25,3990.00,262.00,90.00,0.00,553.25,1611.25,10939.00
2022-07-01 02:00:00,4095.00,14144.75,4524.75,6575.25,8.00,21.00,-5053.75,1739.00,156.50,3993.50,262.00,90.00,3.25,552.00,2924.00,10414.00
2022-07-01 03:00:00,4085.50,14096.50,4969.75,6941.25,8.00,21.00,-4586.25,1761.25,147.25,3998.25,262.00,90.00,255.75,554.50,3332.00,11151.25
2022-07-01 04:00:00,4081.75,14130.50,7209.25,7090.00,8.00,21.00,-2166.75,1802.25,140.75,3999.50,262.00,90.00,1421.25,552.00,3625.50,11010.25
2022-07-01 05:00:00,4083.00,14164.00,7597.25,7246.25,8.00,21.00,1179.00,1810.25,268.75,4002.00,262.00,90.00,3493.00,523.25,3469.50,10302.50
2022-07-01 06:00:00,4101.75,13804.25,7739.75,7773.25,8.00,21.00,2616.75,1760.75,292.25,4001.75,262.00,90.00,5980.25,548.00,3231.75,9483.50
2022-07-01 07:00:00,4098.25,13528.25,7835.75,8116.75,8.00,21.00,3219.75,1784.75,397.00,4004.50,262.00,90.00,7831.25,551.00,2806.25,8555.50
2022-07-01 08:00:00,4097.25,13254.50,7854.00,8166.00,8.00,21.00,2560.75,1784.75,353.75,4005.50,262.00,90.00,9949.75,550.50,2438.50,7947.00
2022-07-01 09:00:00,4105.00,13232.75,7690.00,8130.50,8.00,21.00,1840.75,1779.00,406.75,4008.25,262.00,90.00,11355.00,548.50,2316.25,8595.25
2022-07-01 10:00:00,4117.25,13216.75,7201.00,8189.00,8.00,21.00,727.25,1805.50,165.25,4005.50,262.00,90.00,12640.00,552.50,2625.50,9515.50
2022-07-01 11:00:00,4129.00,13275.75,6307.75,8084.25,8.00,21.00,-992.00,1796.50,162.25,4005.25,262.00,90.00,13308.50,573.25,2828.50,10367.00
2022-07-01 12:00:00,4135.25,13212.00,5426.75,7948.50,8.00,21.00,-957.25,1808.50,182.00,3998.50,262.00,90.00,13825.00,593.25,2552.50,11049.25
2022-07-01 13:00:00,4154.25,13378.00,5453.75,7778.25,8.00,21.00,-936.25,1806.00,160.50,4000.25,262.00,90.00,13885.00,590.25,2401.00,10325.00
2022-07-01 14:00:00,4161.25,13664.00,4823.25,7732.50,8.00,21.00,-948.00,1815.75,281.25,3999.25,262.00,90.00,13488.00,575.50,2591.25,9378.00
2022-07-01 15:00:00,4156.00,13726.75,5674.75,7931.75,8.00,21.00,-162.00,1825.00,289.75,4000.25,262.00,90.00,11413.75,557.75,2843.25,8277.50
2022-07-01 16:00:00,4158.25,13598.25,6785.00,8147.25,8.00,21.00,592.75,1796.75,277.50,3992.50,262.00,90.00,8526.00,558.50,2842.50,7418.25
2022-07-01 17:00:00,4151.00,13677.50,7538.75,8271.50,8.00,21.00,1452.50,1749.00,210.75,3995.00,262.00,90.00,4661.75,559.25,3483.50,6143.50
2022-07-01 18:00:00,4150.25,13680.25,7459.25,8336.75,8.00,21.00,2898.25,1707.00,180.75,4000.75,262.00,90.00,1517.00,560.00,3920.25,4884.50
2022-07-01 19:00:00,4145.25,13431.75,7192.50,8328.25,8.00,21.00,1987.25,1681.25,186.25,4000.25,262.00,90.00,128.75,565.00,4208.00,3959.75
2022-07-01 20:00:00,4143.25,13151.50,6997.00,8317.50,8.00,21.00,2858.75,1671.75,215.25,4006.50,262.00,90.00,0.25,559.25,4032.50,3379.50
2022-07-01 21:00:00,4145.25,12769.00,4871.00,8099.50,8.00,21.00,1478.50,1666.00,148.25,4014.00,262.00,90.00,0.00,558.75,3926.25,4229.00
2022-07-01 22:00:00,4126.00,12378.25,4121.50,7499.75,8.00,21.00,970.25,1660.50,207.00,4018.50,252.00,90.00,0.00,529.75,3053.00,5025.50
2022-07-01 23:00:00,4121.50,12341.00,3658.25,6783.75,8.00,21.00,849.25,1668.75,168.50,4018.00,252.00,90.00,0.00,539.50,2849.25,5053.25
2022-07-02 00:00:00,4136.00,12010.00,3319.25,6313.75,8.00,21.00,-153.25,1702.25,190.75,4019.00,252.00,90.00,0.00,537.50,3292.50,5100.75
2022-07-02 01:00:00,4140.75,11705.25,2949.50,6120.25,8.00,21.00,-669.25,1697.00,173.75,4022.75,252.00,90.00,0.00,537.00,3423.25,5189.75
2022-07-02 02:00:00,4130.00,11679.00,2591.25,6090.25,8.00,21.00,-196.25,1672.50,71.00,4028.00,252.00,90.00,3.75,535.00,3505.00,5177.75
2022-07-02 03:00:00,4113.50,11681.75,2553.50,5956.75,8.00,21.00,-634.00,1666.00,52.50,4028.50,252.00,90.00,333.75,536.00,3713.25,4840.25
2022-07-02 04:00:00,4107.50,11565.50,2529.25,6214.25,8.00,21.00,194.75,1660.25,78.75,4031.25,252.00,90.00,2600.50,532.75,4106.25,4316.00
2022-07-02 05:00:00,4117.75,11580.75,2488.50,6009.75,8.00,21.00,34.25,1660.50,49.25,4026.25,252.00,90.00,8275.25,537.00,3822.00,3308.00
2022-07-02 06:00:00,4126.25,11157.50,2498.75,5305.00,8.00,21.00,-105.50,1663.00,70.00,4017.75,252.00,90.00,16432.50,547.25,3441.75,2522.50
2022-07-02 07:00:00,4119.25,10547.75,2362.50,4116.00,8.00,21.00,-3655.00,1698.50,42.00,3958.00,252.00,90.00,24999.00,548.00,3587.50,3410.25
2022-07-02 08:00:00,4118.50,9591.00,2370.00,3422.00,8.00,21.00,-5899.25,1702.50,78.00,3562.75,252.00,90.00,31584.00,542.50,3481.75,5100.75
2022-07-02 09:00:00,4121.25,8540.25,2315.00,3603.50,8.00,21.00,-6415.75,1698.25,51.75,3509.00,252.00,90.00,34715.25,541.75,3312.25,6431.50
2022-07-02 10:00:00,4119.50,7295.75,2325.75,3417.75,8.00,21.00,-7378.25,1684.75,51.75,3508.50,252.00,90.00,36516.00,538.50,3031.50,6289.50
2022-07-02 11:00:00,4122.00,7174.75,2303.25,3529.75,8.00,21.00,-7606.25,1623.50,74.50,3501.75,252.00,90.00,36842.50,542.75,2816.50,5175.25
2022-07-02 12:00:00,4116.25,7619.50,2307.25,3329.75,8.00,21.00,-7466.75,1604.00,132.00,3495.75,252.00,90.00,35988.75,535.50,2685.00,4179.50
2022-07-02 13:00:00,4107.50,7576.50,2331.50,3319.25,8.00,21.00,-7330.50,1590.50,110.25,3417.75,252.00,90.00,33175.25,533.00,2148.50,3165.25
2022-07-02 14:00:00,4103.00,9300.50,2532.25,3674.75,8.00,21.00,-5683.50,1574.50,166.00,3506.50,252.00,90.00,28823.00,531.50,1781.75,2733.00
2022-07-02 15:00:00,4105.75,11029.25,3131.25,5033.25,8.00,21.00,-1843.00,1553.50,142.75,3859.25,252.00,90.00,22060.25,534.50,1349.25,2486.25
2022-07-02 16:00:00,4101.75,11501.25,4058.25,5795.75,8.00,21.00,1489.50,1545.75,166.25,3978.00,252.00,90.00,13513.00,533.50,1021.75,2136.75
2022-07-02 17:00:00,4103.50,11641.50,4570.25,6063.25,8.00,21.00,5583.50,1492.50,179.50,3975.75,252.00,90.00,5820.25,540.50,928.00,1999.75
2022-07-02 18:00:00,4116.00,11809.75,4549.75,6093.25,8.00,21.00,6676.25,1459.25,143.25,3975.25,252.00,90.00,1686.75,541.25,742.75,2415.75
2022-07-02 19:00:00,4108.75,11700.25,4589.25,6095.75,8.00,21.00,6320.25,1452.75,184.25,3974.75,252.00,90.00,133.50,549.00,758.75,4051.25
2022-07-02 20:00:00,4112.50,11670.25,4523.50,6079.50,8.00,21.00,5396.75,1441.75,264.25,3977.00,252.00,90.00,0.25,551.50,1003.75,6382.25
2022-07-02 21:00:00,4112.00,11638.00,4144.50,6074.50,8.00,21.00,2585.00,1425.75,236.75,3978.75,252.00,90.00,0.00,548.75,1366.25,8621.75
2022-07-02 22:00:00,4105.00,11668.25,3201.00,6068.50,8.00,21.00,601.75,1408.00,142.25,3986.00,257.00,90.00,0.00,540.00,1576.00,9893.75
2022-07-02 23:00:00,4124.75,11373.75,3122.25,5601.00,8.00,21.00,-317.50,1395.25,96.75,3991.25,257.00,90.00,0.00,533.50,1574.00,10241.00
2022-07-03 00:00:00,4135.50,11425.25,2937.25,4595.75,8.00,21.00,-701.50,1387.25,108.00,3994.00,257.00,90.00,0.00,526.75,1845.25,9779.50
2022-07-03 01:00:00,4137.25,11591.25,2780.00,4332.00,8.00,21.00,-386.25,1368.25,95.25,3999.50,257.00,90.00,0.00,526.25,1861.00,8836.25
2022-07-03 02:00:00,4127.25,11611.00,2800.50,3709.25,8.00,21.00,-220.25,1366.50,206.75,4001.25,257.00,90.00,2.75,526.50,1598.75,8038.00
2022-07-03 03:00:00,4112.00,11589.00,2764.50,3370.25,8.00,21.00,-348.00,1370.75,75.25,4001.75,257.00,90.00,331.00,524.50,1256.75,7440.25
2022-07-03 04:00:00,4108.00,11681.50,2831.50,3213.50,8.00,21.00,-853.00,1387.50,40.50,4002.25,257.00,90.00,2558.75,524.50,1054.25,6613.25
2022-07-03 05:00:00,4112.50,11679.00,2807.00,3196.25,8.00,21.00,-922.25,1420.75,108.75,4003.50,257.00,90.00,8257.50,525.00,835.75,4471.25
2022-07-03 06:00:00,4116.50,11557.50,2887.75,2825.75,8.00,21.00,-1370.00,1422.50,123.25,3999.00,257.00,90.00,16515.75,524.25,709.00,2708.00
2022-07-03 07:00:00,4112.00,11292.00,2865.00,2614.50,8.00,21.00,-2524.50,1430.50,161.00,3851.50,257.00,90.00,24714.00,526.50,670.50,2802.75
2022-07-03 08:00:00,4106.00,10667.00,2502.00,2335.50,8.00,21.00,-4361.00,1434.50,159.50,3492.00,257.00,90.00,31047.25,525.50,573.75,3101.00
2022-07-03 09:00:00,4111.00,10360.75,2332.25,2332.25,8.00,21.00,-6357.75,1436.25,132.75,3447.75,257.00,90.00,34657.50,510.75,464.75,3179.50
2022-07-03 10:00:00,4116.50,9413.75,2339.00,2414.50,8.00,21.00,-7014.75,1435.50,130.00,3314.00,257.00,90.00,36043.75,508.75,514.25,3281.00
2022-07-03 11:00:00,4119.75,8574.75,2302.00,2227.50,8.00,21.00,-7445.25,1442.25,111.25,3311.25,257.00,90.00,35672.75,507.00,562.00,3666.50
2022-07-03 12:00:00,4118.50,8681.00,2305.00,2146.75,8.00,21.00,-7520.75,1439.50,161.75,3311.50,257.00,90.00,33876.00,508.00,580.25,4102.25
2022-07-03 13:00:00,4125.50,9337.25,2296.50,2109.25,8.00,21.00,-7053.00,1424.25,154.00,3309.50,257.00,90.00,30710.25,521.25,648.00,4857.25
2022-07-03 14:00:00,4128.75,11099.75,2496.00,2382.75,8.00,21.00,-6377.75,1400.50,123.00,3308.25,257.00,90.00,25853.75,521.50,815.75,5863.75
2022-07-03 15:00:00,4128.00,12469.00,2982.50,3861.75,8.00,21.00,-2462.50,1401.25,205.25,3452.75,257.00,90.00,19193.00,530.50,1070.50,6837.00
2022-07-03 16:00:00,4127.50,12858.75,3228.00,5584.00,8.00,21.00,59.75,1386.00,220.25,3916.50,257.00,90.00,11829.25,531.50,1139.75,6617.25
2022-07-03 17:00:00,4126.50,12885.50,3581.75,6384.00,8.00,21.00,337.25,1367.50,217.75,3949.75,257.00,90.00,5335.50,535.25,1343.75,6741.75
2022-07-03 18:00:00,4128.75,12945.50,3719.25,6557.50,8.00,21.00,2171.50,1346.75,240.50,3954.00,257.00,90.00,1596.75,536.25,1110.75,7086.25
2022-07-03 19:00:00,4131.75,12965.00,3726.00,6707.75,8.00,21.00,2055.00,1331.00,283.25,3960.00,257.00,90.00,129.00,537.75,996.25,7186.50
2022-07-03 20:00:00,4136.50,12929.50,3719.00,6897.00,8.00,21.00,1928.00,1327.75,301.75,3965.50,257.00,90.00,0.25,534.75,1101.00,8361.00
2022-07-03 21:00:00,4142.25,12933.75,3688.50,6909.00,8.00,21.00,240.00,1326.50,217.25,3969.75,257.00,90.00,0.00,537.75,1317.00,9387.50
2022-07-03 22:00:00,4144.75,12946.00,3233.75,6647.25,8.00,21.00,-1135.00,1311.50,120.50,3972.00,249.00,90.00,0.00,554.00,1352.75,8862.75
2022-07-03 23:00:00,4147.25,12956.75,2769.50,6335.25,8.00,21.00,-745.25,1308.25,152.75,3981.50,249.00,90.00,0.00,555.50,1763.25,7602.00
2022-07-04 00:00:00,4140.25,12988.25,2806.75,5746.75,8.00,21.00,-1221.75,1297.75,106.50,3988.00,249.00,90.00,0.00,556.50,1977.00,6759.75
2022-07-04 01:00:00,4143.50,13030.75,2725.75,6075.50,8.00,21.00,-1039.75,1304.25,99.50,3989.25,249.00,90.00,0.00,553.25,1718.75,6018.00
2022-07-04 02:00:00,4128.00,13019.50,3023.75,6510.75,8.00,21.00,-423.50,1329.25,163.00,3992.50,249.00,90.00,3.75,553.50,1592.75,5905.00
2022-07-04 03:00:00,4118.00,13005.75,3305.25,6719.00,8.00,21.00,-18.50,1337.25,188.75,3993.50,249.00,90.00,301.75,545.50,1715.00,5459.75
2022-07-04 04:00:00,4112.50,12960.25,3833.50,6744.75,8.00,21.00,3636.00,1371.25,248.25,3994.50,249.00,90.00,2254.25,542.50,1773.75,4458.25
2022-07-04 05:00:00,4116.75,12971.50,4017.75,6694.00,8.00,21.00,7019.00,1407.25,321.75,3993.75,249.00,90.00,7015.75,545.00,1811.75,3246.75
2022-07-04 06:00:00,4125.75,12918.50,3978.25,6698.25,8.00,21.00,6200.75,1424.75,240.50,3987.00,249.00,90.00,13531.50,551.25,1906.50,3351.75
2022-07-04 07:00:00,4126.50,12905.50,3740.75,6602.50,8.00,21.00,2110.25,1428.25,162.50,3979.75,249.00,90.00,20136.25,550.50,2228.50,3938.25
2022-07-04 08:00:00,4124.00,12730.50,3402.00,6483.75,8.00,21.00,-311.00,1433.25,128.25,3976.00,249.00,90.00,26420.50,556.00,2401.25,4233.50
2022-07-04 09:00:00,4129.50,12753.75,2898.00,6376.00,8.00,21.00,-3024.75,1441.50,175.00,3971.75,249.00,90.00,30184.75,556.50,2870.25,5108.50
2022-07-04 10:00:00,4123.25,12571.25,2717.00,5673.50,8.00,21.00,-5327.00,1494.75,114.25,3965.75,249.00,90.00,31719.50,555.50,3992.50,5979.75
2022-07-04 11:00:00,4114.00,11202.50,2556.25,4676.25,8.00,21.00,-6661.50,1511.75,128.00,3962.50,249.00,90.00,32609.00,553.75,4655.25,6346.25
2022-07-04 12:00:00,4117.25,12083.50,2640.75,3777.50,8.00,21.00,-6217.25,1518.00,221.75,3963.75,249.00,90.00,31318.50,561.75,4848.50,7178.50
2022-07-04 13:00:00,4111.75,11994.75,2680.00,3763.75,8.00,21.00,-5680.25,1529.00,171.25,3963.00,249.00,90.00,28708.25,553.00,4960.75,7478.25
2022-07-04 14:00:00,4116.00,12590.50,3132.50,5323.75,8.00,21.00,-4169.50,1545.00,130.50,3965.75,249.00,90.00,24151.75,549.00,4868.75,7841.50
2022-07-04 15:00:00,4113.50,12830.25,4544.50,6951.75,8.00,21.00,-588.50,1535.00,241.75,3964.50,249.00,90.00,18228.25,560.75,4398.25,7991.25
2022-07-04 16:00:00,4110.75,12921.75,5636.00,7233.25,8.00,21.00,2782.50,1510.25,324.75,3963.75,249.00,90.00,11208.00,560.75,3694.50,7825.50
2022-07-04 17:00:00,4112.75,12988.75,6692.25,7178.25,8.00,21.00,4857.50,1449.50,261.50,3964.75,249.00,90.00,5285.00,561.00,3926.25,7231.00
2022-07-04 18:00:00,4119.00,13029.25,7315.25,7262.50,8.00,21.00,5984.50,1539.75,404.25,3970.25,249.00,90.00,1620.00,565.00,3750.50,5682.50
2022-07-04 19:00:00,4124.25,13026.50,7923.75,7593.50,8.00,21.00,4833.00,1552.25,219.50,3975.50,249.00,90.00,143.25,562.25,3893.50,5115.00
2022-07-04 20:00:00,4125.50,12930.50,7952.00,7679.25,8.00,21.00,4248.50,1553.50,190.75,3977.25,249.00,90.00,0.25,562.25,3775.75,4576.75
2022-07-04 21:00:00,4133.00,12820.75,7827.25,7874.75,8.00,21.00,1779.50,1567.50,114.50,3980.50,249.00,90.00,0.00,566.00,3570.50,4679.25
2022-07-04 22:00:00,4124.25,12818.50,7420.50,7934.00,8.00,21.00,1299.25,1577.50,104.25,3984.25,248.00,90.00,0.00,559.75,3694.25,4719.75
2022-07-04 23:00:00,4122.00,12749.50,6933.25,8089.50,8.00,21.00,-448.75,1575.00,107.00,3990.75,248.00,90.00,0.00,552.25,3417.25,4773.25
2022-07-05 00:00:00,4123.50,12915.25,6149.25,8175.50,8.00,21.00,-858.75,1600.50,126.00,3996.25,248.00,90.00,0.00,571.50,3351.75,4667.75
2022-07-05 01:00:00,4124.00,12920.25,5942.75,8172.50,8.00,21.00,-980.00,1637.00,149.00,4002.75,248.00,90.00,0.00,573.00,3225.75,4635.00
2022-07-05 02:00:00,4110.00,12910.75,5812.50,8179.50,8.00,21.00,-1018.00,1695.25,155.00,4001.50,248.00,90.00,2.25,567.75,2945.25,4630.50
2022-07-05 03:00:00,4101.25,12933.75,6379.75,8256.25,8.00,21.00,-282.75,1702.00,197.00,4004.50,248.25,90.00,288.50,567.50,3184.25,4450.50
2022-07-05 04:00:00,4098.25,13074.75,6855.25,8498.50,8.00,21.00,3019.25,1701.50,263.75,4006.75,249.00,90.00,2380.75,555.25,2806.00,3918.75
2022-07-05 05:00:00,4105.00,12882.50,7220.75,8739.25,45.25,21.00,5170.50,1711.50,347.00,4006.75,249.00,90.00,7713.75,555.00,2968.00,3000.75
2022-07-05 06:00:00,4117.50,12278.25,6974.50,8890.00,225.50,21.00,3484.75,1694.75,196.00,3999.75,248.75,90.00,15486.00,561.50,3044.00,2850.25
2022-07-05 07:00:00,4139.00,12078.75,5153.25,8672.25,227.00,21.00,592.00,1711.75,210.00,3994.50,248.50,90.00,22936.75,557.50,3116.00,3923.25
2022-07-05 08:00:00,4138.50,12025.25,3742.50,8198.00,147.00,21.00,-1313.25,1706.00,199.75,3989.25,248.00,90.00,28377.25,558.25,3064.00,4901.75
2022-07-05 09:00:00,4137.50,11145.50,3506.25,7929.00,143.00,21.00,-2439.50,1713.00,283.25,3978.25,248.00,90.00,30372.00,573.25,3255.75,5609.75
2022-07-05 10:00:00,4145.50,11988.50,3111.25,7990.75,142.50,21.00,-3757.00,1731.50,200.25,3976.00,248.00,90.00,30874.25,560.50,3117.00,6665.00
2022-07-05 11:00:00,4152.25,11983.25,2976.00,7482.50,142.75,21.00,-5706.00,1725.00,142.75,3975.25,248.00,90.00,30823.75,567.75,3451.50,7494.50
2022-07-05 12:00:00,4154.25,11929.00,2893.00,5911.75,143.00,21.00,-5853.50,1699.50,81.00,3903.75,248.00,90.00,30397.75,569.75,3557.00,7680.00
2022-07-05 13:00:00,4151.00,11994.00,2886.00,6529.75,142.50,21.00,-5887.00,1693.25,123.00,3710.00,248.00,90.00,27805.50,549.00,3730.75,8440.75
2022-07-05 14:00:00,4138.75,12061.50,2972.75,8002.50,142.50,21.00,-5069.50,1693.75,214.50,3747.75,248.00,90.00,23733.25,571.25,3742.25,8585.25
2022-07-05 15:00:00,4135.75,12108.50,3737.75,8782.50,142.75,21.00,-887.50,1703.50,166.50,3930.75,248.00,90.00,17999.75,566.50,3327.25,9111.00
2022-07-05 16:00:00,4141.00,12368.25,4461.50,8912.50,131.50,21.00,1780.50,1704.25,267.50,3972.25,248.00,90.00,11424.25,570.50,3078.25,8987.50
2022-07-05 17:00:00,4151.50,12466.75,5059.00,8973.75,8.00,21.00,4209.25,1685.50,326.50,3973.50,248.00,90.00,5323.50,574.00,2613.50,8489.25
2022-07-05 18:00:00,4150.25,12453.75,5090.00,8976.50,8.00,21.00,5928.00,1685.50,341.50,3977.00,248.00,90.00,1642.25,570.50,2628.25,7290.75
2022-07-05 19:00:00,4156.25,12418.00,5090.25,8938.75,8.00,21.00,4747.25,1677.50,218.50,3983.50,248.00,90.00,123.50,572.00,2816.00,6822.25
2022-07-05 20:00:00,4153.25,12455.75,4942.50,8927.75,8.00,21.00,4990.75,1672.25,200.00,3986.25,248.00,90.00,0.25,573.25,2636.00,6606.00
2022-07-05 21:00:00,4154.25,12457.00,4835.50,8889.00,8.00,21.00,2577.75,1666.00,103.25,3988.25,248.00,90.00,0.00,574.50,2541.50,6960.75
2022-07-05 22:00:00,4148.50,12743.75,4191.25,8580.00,8.00,21.00,237.75,1650.00,141.00,3989.75,246.00,90.00,0.00,576.25,2278.00,7188.00
2022-07-05 23:00:00,4148.00,12765.50,3658.00,8407.75,8.00,21.00,-638.25,1654.50,248.75,3994.25,246.00,90.00,0.00,576.25,2645.75,7250.50
2022-07-06 00:00:00,4149.50,12751.75,3417.75,8416.25,8.00,21.00,-1168.25,1647.00,209.75,3997.50,246.00,90.00,0.00,574.75,2808.00,7025.00
2022-07-06 01:00:00,4151.50,12800.50,3395.50,8382.25,8.00,21.00,-1693.75,1653.25,210.00,4000.50,246.00,90.00,0.00,577.25,2730.25,7000.00
2022-07-06 02:00:00,4140.25,12810.75,3453.00,8385.50,8.00,21.00,-1680.75,1646.00,162.25,4006.00,246.00,90.00,1.50,573.75,2601.00,7182.25
2022-07-06 03:00:00,4123.25,12826.25,3682.00,8390.75,8.00,21.00,-616.50,1633.25,173.00,4007.75,246.00,90.00,271.75,579.00,2372.75,7237.50
2022-07-06 04:00:00,4124.00,12970.00,3838.00,8464.00,8.00,21.00,1707.50,1622.50,311.25,4015.50,244.00,90.00,2366.00,556.50,2213.50,6123.50
2022-07-06 05:00:00,4134.25,13013.00,3930.25,8502.75,8.00,21.00,4811.75,1608.50,236.00,4012.50,244.00,90.00,7083.75,554.50,2412.50,4955.50
2022-07-06 06:00:00,4141.50,12630.75,3955.75,8468.50,8.00,21.00,3071.00,1595.00,204.25,4011.00,244.00,90.00,13814.00,558.50,2041.25,5006.25
2022-07-06 07:00:00,4149.25,12080.75,3592.00,8319.25,8.00,21.00,718.00,1587.25,137.75,4000.50,244.00,90.00,20196.25,564.25,1970.50,5409.25
2022-07-06 08:00:00,4157.00,12632.75,3215.75,8117.00,8.00,21.00,23.00,1596.25,209.50,3959.00,244.00,90.00,24390.50,564.75,1680.75,6353.75
2022-07-06 09:00:00,4163.25,12551.75,3355.50,8028.50,8.00,21.00,-763.00,1574.00,156.50,3949.50,244.00,90.00,26229.50,596.00,1698.50,7091.25
2022-07-06 10:00:00,4164.50,12279.00,3552.75,8045.00,8.00,21.00,-3065.00,1555.00,136.25,3917.50,244.00,90.00,27921.50,595.50,2437.50,8019.00
2022-07-06 11:00:00,4168.00,12146.00,3468.25,6883.50,8.00,21.00,-4325.25,1543.25,177.50,3856.75,244.00,90.00,28955.00,581.25,3568.25,8729.75
2022-07-06 12:00:00,4162.50,12028.75,2935.25,5201.00,8.00,21.00,-5681.25,1523.50,137.00,3855.25,244.00,90.00,28704.75,588.00,4941.75,9235.25
2022-07-06 13:00:00,4167.50,12138.75,2731.50,4607.50,8.00,21.00,-5735.75,1523.50,155.25,3931.50,244.00,90.00,26356.75,578.75,5357.00,9934.50
2022-07-06 14:00:00,4170.50,12204.00,2773.00,6396.75,8.00,21.00,-5549.50,1464.25,164.00,3983.00,244.00,90.00,21778.25,586.75,5393.25,10102.50
2022-07-06 15:00:00,4169.00,12155.75,3079.75,8005.00,8.00,21.00,-2732.50,1479.00,199.25,3983.00,244.00,90.00,16314.75,595.75,5095.50,10235.00
2022-07-06 16:00:00,4165.00,12245.50,3562.25,8194.00,8.00,21.00,1119.25,1513.75,190.75,3980.50,247.00,90.00,10293.00,616.25,4951.75,10242.50
2022-07-06 17:00:00,4163.00,12313.25,3609.00,8208.00,8.00,21.00,3430.25,1522.75,211.50,3984.50,247.00,90.00,4863.50,613.00,5165.50,9838.25
2022-07-06 18:00:00,4157.50,12346.50,3621.00,8217.00,8.00,21.00,5847.00,1537.50,316.75,3987.75,247.00,90.00,1513.50,602.25,5203.25,8888.50
2022-07-06 19:00:00,4155.50,12242.25,3654.75,8255.00,8.00,21.00,5470.50,1545.00,262.25,3992.50,247.00,90.00,102.50,595.75,5547.50,8196.25
2022-07-06 20:00:00,4149.25,12221.75,3629.75,8077.75,8.00,21.00,4078.00,1553.25,274.75,3993.25,247.00,90.00,0.00,594.25,5597.00,7974.25
2022-07-06 21:00:00,4150.50,12211.50,3303.75,7767.25,8.00,21.00,1664.25,1548.00,216.50,3992.75,247.00,90.00,0.00,597.50,5598.50,9026.75
2022-07-06 22:00:00,4135.25,12111.50,3240.00,6898.25,8.00,21.00,-53.75,1555.25,132.50,3993.00,256.00,90.00,0.00,552.50,5322.00,10244.00
2022-07-06 23:00:00,4141.00,12004.25,3333.00,5614.25,8.00,21.00,-750.00,1550.00,107.50,3994.50,256.00,90.00,0.00,558.75,5233.50,11358.50
2022-07-07 00:00:00,4148.00,11648.25,3396.25,5007.75,8.00,21.00,-2692.00,1540.75,130.25,3992.25,256.00,90.00,0.00,559.00,4838.25,11963.25
2022-07-07 01:00:00,4151.25,11732.50,3409.00,5013.00,8.00,21.00,-3220.00,1530.00,105.75,3991.25,256.00,90.00,0.00,555.00,4383.75,12534.50
2022-07-07 02:00:00,4145.00,12171.50,3408.75,5241.25,8.00,21.00,-3191.75,1549.00,147.00,3993.00,256.00,90.00,0.25,558.75,4449.00,12452.50
2022-07-07 03:00:00,4129.50,12348.75,3103.00,5646.75,8.00,21.00,-2163.50,1570.25,129.00,3987.50,256.00,90.00,73.50,556.75,4515.75,13178.00
2022-07-07 04:00:00,4122.25,12499.25,3204.25,6228.00,8.00,21.00,295.25,1559.50,192.25,3991.50,256.00,90.00,852.25,550.50,4490.00,14317.00
2022-07-07 05:00:00,4130.75,12530.50,3429.25,6366.00,8.00,21.00,3155.00,1568.25,218.25,4005.50,256.00,90.00,2742.25,549.25,4995.25,14606.75
2022-07-07 06:00:00,4136.75,12505.75,3432.75,6461.50,8.00,21.00,3138.00,1545.25,210.00,4007.00,256.00,90.00,5531.75,569.00,4659.00,15107.25
2022-07-07 07:00:00,4138.50,12482.75,3527.25,6400.50,8.00,21.00,2521.75,1547.75,194.75,4009.25,256.00,90.00,8395.50,595.75,4866.75,15418.75
2022-07-07 08:00:00,4137.75,12358.00,3321.75,6430.75,8.00,21.00,1609.00,1554.25,239.25,4002.00,256.00,90.00,10752.00,574.75,4648.00,15910.50
2022-07-07 09:00:00,4141.75,12055.75,3569.50,6071.00,8.00,21.00,1291.25,1566.50,228.25,4003.50,256.00,90.00,12447.50,576.75,4366.00,16531.50
2022-07-07 10:00:00,4142.75,11853.25,3639.50,5530.25,8.00,21.00,367.50,1571.00,197.50,3996.50,256.00,90.00,13386.25,568.00,3570.25,17858.50
2022-07-07 11:00:00,4138.00,11996.25,3617.25,5020.50,8.00,21.00,-823.00,1526.75,173.25,3991.25,256.00,90.00,13842.00,567.25,3082.75,19004.00
2022-07-07 12:00:00,4138.25,12096.00,3427.00,4946.25,8.00,21.00,-2564.75,1541.75,105.75,3996.00,256.00,90.00,13987.00,568.00,2977.50,19940.75
2022-07-07 13:00:00,4151.00,12173.75,3444.75,5116.50,8.00,21.00,-3668.00,1547.25,74.25,3996.25,256.00,90.25,13386.00,569.75,2661.25,21570.75
2022-07-07 14:00:00,4154.25,12261.75,3495.75,5436.50,8.00,21.00,-4685.00,1532.75,113.50,3998.75,257.75,91.00,11856.25,572.50,2810.75,22926.25
2022-07-07 15:00:00,4147.50,12330.75,3275.50,5649.50,8.00,21.00,-3086.00,1525.25,162.75,4001.75,256.00,90.25,9404.75,583.00,2624.50,23555.50
2022-07-07 16:00:00,4149.75,12362.00,3485.50,5716.00,8.00,21.00,-160.50,1514.25,160.00,4003.50,256.00,90.00,6075.75,581.50,2814.25,23816.75
2022-07-07 17:00:00,4150.25,12337.75,3579.50,5783.00,8.00,21.00,752.25,1527.25,96.50,4003.00,256.00,90.00,3216.50,580.75,3087.00,23654.75
2022-07-07 18:00:00,4154.25,12352.50,3591.50,5743.50,8.00,21.00,1042.75,1542.75,87.50,4005.00,256.00,90.00,1059.50,578.00,3041.75,22533.00
2022-07-07 19:00:00,4154.75,12301.75,3515.00,5744.00,8.00,21.00,-31.25,1523.00,99.25,4003.25,256.00,90.00,75.00,564.00,3420.75,21241.25
2022-07-07 20:00:00,4145.75,12245.50,2950.25,5650.50,8.00,21.00,-305.25,1524.50,148.75,4006.25,256.00,90.00,0.25,568.50,3427.00,20049.00
2022-07-07 21:00:00,4141.50,12110.50,2502.75,5486.50,8.00,21.00,-2577.75,1514.50,46.50,4006.25,256.00,90.00,0.00,566.00,3764.25,18979.00
2022-07-07 22:00:00,4122.50,12160.50,2383.50,5973.25,8.00,21.00,-2658.00,1520.50,155.50,4000.25,255.00,90.00,0.00,547.50,4313.00,17103.75
2022-07-07 23:00:00,4119.00,12139.50,2523.75,5756.25,8.00,21.00,-2223.75,1510.00,113.75,4002.50,255.00,90.00,0.00,569.75,3884.50,15566.75
2022-07-08 00:00:00,4129.25,12149.25,2750.75,5595.50,8.00,21.00,-3403.75,1517.00,255.00,4005.50,255.00,90.00,0.00,565.75,3329.25,14076.25
2022-07-08 01:00:00,4131.25,11927.50,2819.25,5817.50,8.00,21.00,-2568.75,1500.75,242.25,4010.25,255.00,90.00,0.00,554.50,3630.00,12742.75
2022-07-08 02:00:00,4130.75,11922.25,2763.00,6004.00,8.00,21.00,-1802.50,1500.25,170.25,4013.50,255.00,90.00,1.75,555.75,3678.00,12094.25
2022-07-08 03:00:00,4123.75,11957.50,2927.50,6211.75,8.00,21.00,-365.75,1508.50,223.75,4016.75,255.00,90.00,205.75,557.50,3625.25,11548.25
2022-07-08 04:00:00,4124.50,11814.25,3107.25,6628.75,8.00,21.00,3456.50,1538.00,337.00,4018.00,255.00,90.00,1881.75,538.25,3738.50,10491.50
2022-07-08 05:00:00,4131.00,11526.75,3128.50,7228.25,49.75,21.00,6155.25,1548.50,445.75,4022.25,255.00,90.00,5660.00,539.25,3530.25,9757.50
2022-07-08 06:00:00,4139.00,11367.50,3090.50,7410.75,194.50,21.00,4898.50,1563.75,353.00,4027.25,255.00,90.00,10654.25,546.50,3240.75,9805.25
2022-07-08 07:00:00,4141.25,11020.50,3109.00,7297.25,265.25,21.00,3611.00,1646.75,351.75,4029.25,255.00,90.00,14751.50,545.00,2742.75,9928.50
2022-07-08 08:00:00,4144.25,10774.75,3116.25,6910.75,198.25,21.00,2147.75,1657.75,321.25,4023.50,255.00,90.00,18637.00,559.25,2397.50,9635.25
2022-07-08 09:00:00,4149.75,10932.00,2872.25,6790.50,9.50,21.00,387.75,1676.00,200.50,4019.00,255.00,90.00,22167.25,544.00,2325.00,9833.50
2022-07-08 10:00:00,4158.75,11155.50,2523.00,6438.25,8.00,21.00,-2584.50,1677.25,147.00,4025.25,255.00,90.00,24791.25,558.50,2372.50,10405.00
2022-07-08 11:00:00,4159.50,11298.00,2468.25,5799.75,8.00,21.00,-6051.25,1663.50,38.50,4012.50,255.00,90.00,26216.00,567.25,2418.75,11077.00
2022-07-08 12:00:00,4164.25,11504.25,2486.25,4966.50,8.00,21.00,-6873.25,1664.75,216.25,4008.75,255.00,90.00,26841.50,563.75,2537.50,11674.00
2022-07-08 13:00:00,4169.00,11881.00,2402.25,4560.00,98.25,21.00,-6082.75,1649.00,166.25,4009.25,255.00,90.00,25614.75,586.25,2349.50,12229.00
2022-07-08 14:00:00,4174.25,11805.50,2371.25,5905.50,195.75,21.00,-5356.00,1617.00,158.00,4008.50,255.00,90.00,22049.25,697.75,2355.75,13004.50
2022-07-08 15:00:00,4176.25,11639.50,2683.75,6770.75,220.00,21.00,-1229.25,1599.50,239.50,4003.75,255.00,90.00,17073.75,820.75,2084.00,13511.75
2022-07-08 16:00:00,4171.75,12013.75,3511.75,6879.75,168.75,21.00,1736.75,1594.00,239.75,3997.75,255.00,90.00,11173.75,824.00,1620.00,12641.75
2022-07-08 17:00:00,4174.50,12337.75,4049.75,6794.50,8.00,21.00,4991.50,1579.50,273.25,3996.75,255.00,90.00,5301.50,817.00,1652.75,11051.25
2022-07-08 18:00:00,4166.25,12165.00,4153.25,7033.75,8.00,21.00,6985.75,1552.75,466.25,3999.00,255.00,90.00,1548.50,823.25,1509.75,8432.00
2022-07-08 19:00:00,4163.50,12152.25,4185.50,7315.75,8.00,21.00,6454.00,1567.50,204.75,3997.00,255.00,90.00,98.25,823.75,1452.25,6893.50
2022-07-08 20:00:00,4151.50,12037.25,4199.25,7240.50,8.00,21.00,3911.25,1562.75,233.00,4003.75,255.00,90.00,0.25,823.25,1624.50,7097.00
2022-07-08 21:00:00,4143.50,11669.00,4073.00,7329.25,8.00,21.00,-94.75,1543.75,263.00,4003.75,255.00,90.00,0.00,832.25,2148.75,7705.00
2022-07-08 22:00:00,4136.75,11899.75,3294.25,7261.25,8.00,21.00,824.25,1522.25,344.75,4003.50,261.00,90.00,0.00,828.25,2692.50,7630.00
2022-07-08 23:00:00,4147.25,12231.50,2867.00,6839.75,8.00,21.00,97.25,1483.00,270.75,4009.50,261.00,90.00,0.00,832.75,2945.25,7382.00
2022-07-09 00:00:00,4150.75,12105.25,2775.75,6652.50,8.00,21.00,-973.75,1484.50,157.75,3938.75,261.00,90.00,0.00,830.25,3344.25,7025.25
2022-07-09 01:00:00,4157.25,11904.75,2601.50,6641.00,8.00,21.00,128.75,1420.00,278.75,3921.50,261.00,90.00,0.00,830.75,3271.00,6664.00
2022-07-09 02:00:00,4147.00,11733.75,2494.00,6546.50,8.00,21.00,-262.50,1404.50,246.25,3925.00,261.00,90.00,0.50,832.50,3394.25,6400.00
2022-07-09 03:00:00,4128.25,11648.50,2530.25,6605.50,8.00,21.00,-85.25,1413.50,160.00,3924.00,261.00,90.00,186.00,836.75,3626.25,5893.75
2022-07-09 04:00:00,4118.50,11670.25,2572.50,6695.25,8.00,21.00,-47.75,1404.00,199.50,3933.00,261.00,90.00,1859.25,828.75,3376.75,5487.25
2022-07-09 05:00:00,4121.50,11634.75,2687.00,6384.50,8.00,21.00,773.00,1410.00,145.25,4019.00,261.00,90.00,5304.50,826.50,2827.50,5029.00
2022-07-09 06:00:00,4122.25,11616.00,2563.25,6009.25,8.00,21.00,25.00,1419.25,116.75,4019.25,261.00,90.00,10041.75,817.50,3157.25,5113.75
2022-07-09 07:00:00,4123.50,11579.25,2547.75,5030.00,8.00,21.00,-1085.50,1422.25,100.00,4014.75,261.00,90.00,15671.50,817.50,3815.25,6015.00
2022-07-09 08:00:00,4119.50,11050.75,2406.25,2999.75,8.00,21.00,-1541.00,1400.75,111.00,3985.50,261.00,90.00,20201.50,810.50,4671.00,7287.25
2022-07-09 09:00:00,4135.00,10741.75,2344.50,2215.50,8.00,21.00,-1707.50,1409.75,116.25,3999.25,261.00,90.00,21888.25,816.75,4088.25,9187.25
2022-07-09 10:00:00,4143.00,9433.25,2430.00,2436.00,8.00,21.00,-3691.50,1415.00,86.25,3986.25,261.75,90.00,22888.75,814.00,3879.00,11391.75
2022-07-09 11:00:00,4144.00,7556.25,2556.00,2628.75,8.00,21.00,-5153.75,1411.00,62.00,3891.75,261.00,90.00,23533.75,813.00,3815.50,13417.50
2022-07-09 12:00:00,4131.00,7430.75,2568.75,2919.75,8.00,21.00,-6481.25,1391.75,114.00,3800.75,261.00,90.00,22575.75,806.25,3168.25,14588.75
2022-07-09 13:00:00,4129.75,7580.00,2624.25,2937.75,8.00,21.00,-6725.25,1419.75,110.25,3809.00,261.00,90.00,20617.75,815.25,2312.50,16187.50
2022-07-09 14:00:00,4141.00,7650.00,2602.00,3014.00,8.00,21.00,-6644.00,1401.75,106.75,3902.50,261.00,90.00,17846.00,822.25,2905.75,16538.25
2022-07-09 15:00:00,4143.75,7914.00,2671.25,3326.50,8.00,21.00,-5922.00,1381.25,99.75,3970.00,261.00,90.00,13931.00,823.00,3317.25,19360.25
2022-07-09 16:00:00,4148.50,8901.00,2742.25,3364.25,8.00,21.00,-2213.25,1368.75,78.75,3969.25,261.75,90.00,8836.00,824.25,3791.75,20693.75
2022-07-09 17:00:00,4150.75,9629.00,3170.25,3497.75,8.00,21.00,-91.25,1337.75,56.50,3945.00,261.50,90.00,4150.50,823.00,4044.75,20302.00
2022-07-09 18:00:00,4153.75,8988.75,3252.25,3531.00,8.00,21.00,2525.25,1318.25,59.00,3966.00,261.00,90.00,1288.00,831.75,4313.25,19017.25
2022-07-09 19:00:00,4149.50,8633.75,3304.00,3822.25,8.00,21.00,3366.75,1308.50,65.00,3980.00,261.00,90.00,93.75,828.75,4504.75,17447.75
2022-07-09 20:00:00,4145.00,8900.75,3328.75,3774.50,8.00,21.00,3934.75,1291.25,69.25,3994.00,261.75,90.00,0.25,828.50,5074.25,16509.50
2022-07-09 21:00:00,4148.00,8183.00,3261.75,3524.25,8.00,21.00,1406.50,1262.75,54.25,3965.50,262.00,90.00,0.00,828.75,5252.00,15676.50
2022-07-09 22:00:00,4145.00,7908.50,2564.50,2798.00,8.00,21.00,1737.50,1245.25,32.75,3714.50,265.00,90.00,0.00,815.00,4907.00,15080.75
2022-07-09 23:00:00,4144.25,6963.00,2352.50,2843.75,8.00,21.00,989.50,1233.50,52.75,3596.00,265.00,90.00,0.00,819.25,4911.25,14879.00
2022-07-10 00:00:00,4143.75,7149.75,2280.50,3015.00,8.00,21.00,-236.25,1204.00,28.50,3601.50,265.00,90.00,0.00,820.75,4705.00,14336.75
2022-07-10 01:00:00,4138.75,6757.50,2289.25,3015.25,8.00,21.00,-726.75,1202.25,27.50,3606.75,265.00,90.00,0.00,810.00,4819.50,13787.50
2022-07-10 02:00:00,4125.25,6702.75,2283.50,3014.25,8.00,21.00,-1074.25,1203.00,51.50,3611.00,265.00,90.00,0.50,812.25,4982.50,13583.50
2022-07-10 03:00:00,4110.25,6716.75,2278.00,2940.75,8.00,21.00,-1339.75,1206.50,61.25,3614.75,265.00,90.00,194.75,808.75,4903.75,13046.50
2022-07-10 04:00:00,4100.00,6769.75,2237.50,2875.00,8.00,21.00,-1330.25,1212.50,33.00,3612.75,265.00,90.00,1874.00,799.50,4926.25,12857.75
2022-07-10 05:00:00,4098.00,7011.00,2240.50,3020.25,8.00,21.00,-1663.00,1225.75,24.25,3610.50,265.00,90.00,5498.50,789.75,4529.75,13227.25
2022-07-10 06:00:00,4112.50,6663.00,2263.50,2996.00,8.00,21.00,-2640.75,1238.25,22.75,3593.25,265.00,90.00,10215.00,786.25,4359.50,14849.00
2022-07-10 07:00:00,4120.00,6472.50,2302.75,2853.75,8.00,21.00,-3964.00,1270.25,64.50,3602.00,265.00,90.00,14468.75,786.50,4018.00,16324.25
2022-07-10 08:00:00,4124.00,6769.50,2328.75,2635.75,8.00,21.00,-3882.00,1285.75,45.50,3555.00,265.00,90.00,18241.50,787.75,3895.50,16266.00
2022-07-10 09:00:00,4139.75,7037.50,2344.50,2613.75,8.00,21.00,-5408.50,1305.50,32.00,3563.50,265.00,90.00,21223.25,786.25,3198.25,16316.25
2022-07-10 10:00:00,4149.50,7207.25,2344.00,2615.25,8.00,21.00,-5691.25,1319.00,57.50,3567.25,265.00,90.00,23135.75,789.50,2620.75,16270.50
2022-07-10 11:00:00,4156.50,7085.25,2334.25,2670.75,8.00,21.00,-6852.25,1315.50,38.00,3559.50,265.00,90.00,24054.75,786.75,2617.25,15832.00
2022-07-10 12:00:00,4155.75,6898.00,2306.50,2685.75,8.00,21.00,-7152.00,1320.00,39.50,3691.00,265.00,90.00,24152.75,783.50,2261.75,15612.75
2022-07-10 13:00:00,4163.50,7293.25,2277.75,2607.75,8.00,21.00,-7001.75,1319.50,64.25,3689.25,265.00,90.00,22610.25,782.00,2059.00,14970.25
2022-07-10 14:00:00,4170.75,8085.00,2314.75,2873.25,8.00,21.00,-5408.25,1324.75,57.75,3714.50,265.00,90.00,19445.75,780.50,1687.25,15575.50
2022-07-10 15:00:00,4165.25,10778.50,2245.75,3378.00,8.00,21.00,-3694.50,1315.75,90.75,3715.00,265.00,90.00,14770.75,784.75,1828.75,14909.50
2022-07-10 16:00:00,4170.00,11809.50,2365.00,5070.00,8.00,21.00,-582.75,1304.50,230.50,3909.25,265.00,90.00,9407.75,792.50,1577.50,13365.50
2022-07-10 17:00:00,4168.50,12192.25,2674.75,6485.25,8.00,21.00,1568.50,1291.75,241.50,3927.50,265.00,90.00,4393.75,827.25,1518.25,11324.75
2022-07-10 18:00:00,4169.50,12336.00,2858.75,6821.75,8.00,21.00,1272.00,1268.00,251.50,3922.00,265.00,90.00,1281.25,823.00,1557.25,8562.75
2022-07-10 19:00:00,4164.50,12343.75,2915.00,6934.50,8.00,21.00,2608.75,1253.50,253.50,3927.00,265.00,90.00,69.00,820.50,1675.00,7098.25
2022-07-10 20:00:00,4157.75,12377.50,2844.50,6930.75,8.00,21.00,3259.75,1246.00,319.50,3931.25,265.00,90.00,0.25,821.50,1696.75,6828.50
2022-07-10 21:00:00,4152.75,12377.75,2827.25,6779.25,8.00,21.00,998.50,1245.50,221.75,3928.00,265.00,90.00,0.00,824.25,1382.25,7111.75
2022-07-10 22:00:00,4149.00,12359.00,2700.00,6657.00,8.00,21.00,-892.75,1233.25,87.50,4006.00,264.00,90.00,0.00,735.25,1289.75,6721.75
2022-07-10 23:00:00,4155.25,12345.25,2767.50,6645.75,8.00,21.00,-1007.75,1230.75,175.75,3948.50,264.00,90.00,0.00,725.75,1221.75,6204.75
2022-07-11 00:00:00,4142.75,12356.50,2837.50,6452.75,8.00,21.00,-2106.00,1224.00,191.75,3940.00,264.00,90.00,0.00,727.00,1315.25,5709.75
2022-07-11 01:00:00,4139.25,12349.50,2997.50,6572.25,8.00,21.00,-4170.25,1209.00,71.75,3988.75,264.00,90.00,0.00,735.25,1567.00,5403.75
2022-07-11 02:00:00,4143.00,12368.00,3751.75,6936.75,8.00,21.00,-4233.75,1207.50,108.00,4023.50,264.00,90.00,0.25,737.00,1647.75,5038.25
2022-07-11 03:00:00,4133.50,12358.75,4993.50,7019.25,8.00,21.00,-978.75,1202.50,139.25,4022.25,264.00,90.00,207.00,726.75,1590.50,4602.50
2022-07-11 04:00:00,4134.00,12304.50,6680.25,6550.50,8.00,21.00,1830.50,1194.75,256.75,4024.00,264.00,90.00,1812.75,714.25,1652.75,3631.75
2022-07-11 05:00:00,4144.75,12295.50,8585.75,6897.75,8.00,21.00,3112.50,1201.75,274.50,4021.50,264.00,90.00,5665.25,747.25,1594.25,2266.00
2022-07-11 06:00:00,4158.25,12298.00,8780.50,7185.00,8.00,21.00,3266.75,1210.00,279.50,4019.00,264.25,90.00,10838.25,743.75,1486.25,2167.00
2022-07-11 07:00:00,4166.50,12142.75,8720.00,7235.25,8.00,21.00,1563.50,1229.50,241.00,4016.75,264.50,90.00,15940.75,741.75,1320.50,2493.75
2022-07-11 08:00:00,4177.50,12023.75,8623.50,7256.00,8.00,21.00,1013.50,1244.50,197.00,4012.50,264.00,90.00,19599.25,822.25,1107.50,2689.50
2022-07-11 09:00:00,4181.75,12017.75,8644.75,7251.25,8.00,21.00,986.00,1241.00,200.00,4007.75,264.00,90.00,21559.50,823.25,887.50,2866.75
2022-07-11 10:00:00,4189.50,12003.50,7224.50,7249.50,8.00,21.00,508.50,1252.25,203.25,3999.00,264.00,90.00,22922.50,823.25,801.00,2881.75
2022-07-11 11:00:00,4188.50,11975.00,6857.75,7274.50,8.00,21.00,-487.00,1257.75,153.50,3993.00,264.00,90.00,23950.75,800.25,714.75,3092.75
2022-07-11 12:00:00,4190.75,11956.00,6755.50,7241.25,8.00,21.00,-1256.25,1280.50,82.00,3990.75,264.00,90.00,24054.25,820.75,623.75,3321.50
2022-07-11 13:00:00,4180.50,11954.00,6831.75,7307.00,8.00,21.00,-1719.50,1294.25,74.50,3987.25,264.00,90.00,22778.25,818.00,512.25,3541.75
2022-07-11 14:00:00,4175.50,11963.25,7208.50,7511.00,8.00,21.00,-510.00,1291.25,68.75,3981.50,264.00,90.00,19598.00,821.00,721.25,3535.50
2022-07-11 15:00:00,4176.75,12028.50,9415.25,7406.25,8.00,21.00,978.50,1292.50,118.25,3980.25,264.00,90.00,15082.75,827.50,911.50,3752.50
2022-07-11 16:00:00,4170.75,12104.00,9725.25,7252.50,8.00,21.00,2270.00,1274.50,208.50,3980.75,264.00,90.00,9879.75,824.00,856.75,3983.75
2022-07-11 17:00:00,4177.00,12151.00,9385.00,7310.25,8.00,21.00,4900.25,1262.50,298.00,3981.25,264.00,90.00,4831.50,825.50,668.75,3848.25
2022-07-11 18:00:00,4180.50,12129.00,9928.25,7373.75,8.00,21.00,5604.75,1264.25,232.00,3982.00,264.00,90.00,1554.75,829.00,450.50,3525.75
2022-07-11 19:00:00,4182.25,12161.50,10055.25,7362.75,8.00,21.00,5572.50,1272.75,184.00,3984.25,264.00,90.00,98.25,833.75,279.00,3444.75
2022-07-11 20:00:00,4176.50,12173.50,10068.50,7317.25,8.00,21.00,4975.75,1281.75,219.50,3987.50,264.00,90.00,0.25,830.00,200.75,3305.25
2022-07-11 21:00:00,4174.50,12143.00,9598.25,7199.00,8.00,21.00,1056.00,1288.25,178.75,3992.00,264.00,90.00,0.00,810.50,180.00,3292.25
2022-07-11 22:00:00,4163.00,12071.25,8650.00,6065.00,8.00,21.00,807.75,1297.50,165.50,3995.50,262.00,90.00,0.00,729.75,264.25,3249.50
2022-07-11 23:00:00,4145.00,11865.00,8049.50,6060.25,8.00,21.00,25.75,1316.25,127.00,3999.25,262.00,90.00,0.00,728.25,236.75,3355.75
2022-07-12 00:00:00,4142.50,11910.25,8034.25,6048.50,8.00,21.00,-1328.50,1325.00,95.25,4002.25,262.00,90.00,0.00,716.50,315.50,3426.25
2022-07-12 01:00:00,4137.25,11919.00,8026.25,6045.75,8.00,21.00,-2073.50,1314.00,117.50,4008.50,262.00,90.00,0.00,714.75,376.00,3088.75
2022-07-12 02:00:00,2752.33,7966.00,5396.00,4037.67,5.33,14.00,-1205.67,881.67,110.00,2674.00,174.67,60.00,0.00,471.33,444.33,1892.00
