,Biomass,Fossil Brown coal/Lignite,Fossil Coal-derived gas,Fossil Gas,Fossil Hard coal,Fossil Oil,Fossil Oil shale,Fossil Peat,Geothermal,Hydro Pumped Storage,Hydro Run-of-river and poundage,Hydro Water Reservoir,Marine,Nuclear,Other,Other renewable,Solar,Waste,Wind Offshore,Wind Onshore
2022-06-28 03:00:00,558.00,0.00,0.00,9558.00,1324.00,76.00,0.00,0.00,0.00,0.00,688.00,1722.00,0.00,7008.00,4.00,96.00,626.00,300.00,0.00,3244.00
2022-06-28 04:00:00,564.00,0.00,0.00,10451.00,1325.00,76.00,0.00,0.00,0.00,0.00,699.00,1559.00,0.00,7013.00,4.00,96.00,552.00,302.00,0.00,3114.00
2022-06-28 05:00:00,571.00,0.00,0.00,11819.00,1324.00,76.00,0.00,0.00,0.00,0.00,714.00,1754.00,0.00,7013.00,4.00,93.00,836.00,302.00,0.00,2640.00
2022-06-28 06:00:00,568.00,0.00,0.00,11903.00,1324.00,78.00,0.00,0.00,0.00,-62.00,727.00,1735.00,0.00,6948.00,4.00,96.00,4081.00,304.00,0.00,2063.00
2022-06-28 07:00:00,557.00,0.00,0.00,10892.00,1324.00,80.00,0.00,0.00,0.00,-301.00,728.00,1265.00,0.00,6856.00,7.00,102.00,8800.00,306.00,0.00,1900.00
2022-06-28 08:00:00,544.00,0.00,0.00,10981.00,1324.00,80.00,0.00,0.00,0.00,-748.00,712.00,926.00,0.00,6833.00,7.00,103.00,11011.00,311.00,0.00,1701.00
2022-06-28 09:00:00,523.00,0.00,0.00,11238.00,1320.00,80.00,0.00,0.00,0.00,-819.00,699.00,783.00,0.00,6830.00,8.00,103.00,11489.00,306.00,0.00,1458.00
2022-06-28 10:00:00,537.00,0.00,0.00,11268.00,1323.00,79.00,0.00,0.00,0.00,-802.00,689.00,667.00,0.00,6822.00,5.00,99.00,11963.00,308.00,0.00,1396.00
2022-06-28 11:00:00,535.00,0.00,0.00,11044.00,1323.00,77.00,0.00,0.00,0.00,-742.00,677.00,577.00,0.00,6818.00,4.00,97.00,12339.00,303.00,0.00,1562.00
2022-06-28 12:00:00,532.00,0.00,0.00,10732.00,1310.00,80.00,0.00,0.00,0.00,-1018.00,679.00,465.00,0.00,6812.00,2.00,99.00,12473.00,297.00,0.00,1880.00
2022-06-28 13:00:00,537.00,0.00,0.00,10946.00,1322.00,76.00,0.00,0.00,0.00,-1728.00,670.00,450.00,0.00,6808.00,0.00,98.00,12272.00,295.00,0.00,2120.00
2022-06-28 14:00:00,529.00,0.00,0.00,11442.00,1321.00,79.00,0.00,0.00,0.00,-2027.00,659.00,430.00,0.00,6833.00,0.00,95.00,11876.00,299.00,0.00,2111.00
2022-06-28 15:00:00,522.00,0.00,0.00,11526.00,1323.00,80.00,0.00,0.00,0.00,-1956.00,659.00,420.00,0.00,6875.00,1.00,96.00,11383.00,303.00,0.00,2301.00
2022-06-28 16:00:00,515.00,0.00,0.00,11525.00,1323.00,80.00,0.00,0.00,0.00,-1885.00,671.00,425.00,0.00,6904.00,4.00,98.00,10542.00,302.00,0.00,2559.00
2022-06-28 17:00:00,520.00,0.00,0.00,11709.00,1324.00,80.00,0.00,0.00,0.00,-1623.00,680.00,487.00,0.00,6931.00,4.00,99.00,9162.00,299.00,0.00,2767.00
2022-06-28 18:00:00,538.00,0.00,0.00,12892.00,1326.00,80.00,0.00,0.00,0.00,-1017.00,708.00,1178.00,0.00,6952.00,4.00,101.00,5754.00,300.00,0.00,2996.00
2022-06-28 19:00:00,555.00,0.00,0.00,13659.00,1325.00,80.00,0.00,0.00,0.00,-193.00,759.00,2641.00,0.00,6963.00,4.00,104.00,1886.00,302.00,0.00,3114.00
2022-06-28 20:00:00,552.00,0.00,0.00,13664.00,1327.00,80.00,0.00,0.00,0.00,-2.00,796.00,3125.00,0.00,6965.00,0.00,104.00,792.00,299.00,0.00,3510.00
2022-06-28 21:00:00,538.00,0.00,0.00,12965.00,1328.00,80.00,0.00,0.00,0.00,0.00,788.00,2427.00,0.00,6968.00,0.00,104.00,659.00,298.00,0.00,3553.00
2022-06-28 22:00:00,540.00,0.00,0.00,11452.00,1325.00,74.00,0.00,0.00,0.00,0.00,749.00,1946.00,0.00,6969.00,0.00,104.00,600.00,300.00,0.00,3495.00
2022-06-28 23:00:00,553.00,0.00,0.00,10374.00,1326.00,64.00,0.00,0.00,0.00,0.00,716.00,1733.00,0.00,6968.00,1.00,100.00,618.00,301.00,0.00,3376.00
2022-06-29 00:00:00,552.00,0.00,0.00,9895.00,1324.00,64.00,0.00,0.00,0.00,-126.00,692.00,954.00,0.00,6971.00,1.00,97.00,614.00,302.00,0.00,3289.00
2022-06-29 01:00:00,556.00,0.00,0.00,10026.00,1327.00,64.00,0.00,0.00,0.00,-349.00,669.00,754.00,0.00,6978.00,1.00,96.00,604.00,301.00,0.00,2926.00
2022-06-29 02:00:00,555.00,0.00,0.00,10174.00,1327.00,64.00,0.00,0.00,0.00,-531.00,662.00,648.00,0.00,6981.00,4.00,96.00,612.00,305.00,0.00,2486.00
2022-06-29 03:00:00,563.00,0.00,0.00,10427.00,1327.00,64.00,0.00,0.00,0.00,-443.00,663.00,785.00,0.00,6986.00,4.00,96.00,610.00,308.00,0.00,1995.00
2022-06-29 04:00:00,556.00,0.00,0.00,10597.00,1328.00,64.00,0.00,0.00,0.00,-336.00,690.00,1230.00,0.00,6988.00,4.00,99.00,547.00,303.00,0.00,1784.00
2022-06-29 05:00:00,554.00,0.00,0.00,10868.00,1325.00,64.00,0.00,0.00,0.00,-280.00,715.00,1819.00,0.00,6985.00,6.00,96.00,777.00,302.00,0.00,1758.00
2022-06-29 06:00:00,559.00,0.00,0.00,10538.00,1326.00,68.00,0.00,0.00,0.00,-221.00,718.00,1651.00,0.00,6983.00,8.00,102.00,3754.00,302.00,0.00,1515.00
2022-06-29 07:00:00,543.00,0.00,0.00,9542.00,1325.00,68.00,0.00,0.00,0.00,-510.00,708.00,1097.00,0.00,6981.00,8.00,104.00,8984.00,293.00,0.00,1062.00
2022-06-29 08:00:00,521.00,0.00,0.00,9653.00,1324.00,72.00,0.00,0.00,0.00,-759.00,692.00,875.00,0.00,6975.00,8.00,100.00,11641.00,295.00,0.00,1016.00
2022-06-29 09:00:00,532.00,0.00,0.00,9508.00,1327.00,70.00,0.00,0.00,0.00,-644.00,678.00,838.00,0.00,6968.00,14.00,96.00,12586.00,289.00,0.00,1309.00
2022-06-29 10:00:00,535.00,0.00,0.00,9114.00,1325.00,64.00,0.00,0.00,0.00,-482.00,656.00,707.00,0.00,6959.00,7.00,96.00,13166.00,279.00,0.00,2004.00
2022-06-29 11:00:00,530.00,0.00,0.00,8510.00,1324.00,64.00,0.00,0.00,0.00,-580.00,645.00,647.00,0.00,6950.00,15.00,98.00,13449.00,277.00,0.00,3039.00
2022-06-29 12:00:00,520.00,0.00,0.00,7847.00,1323.00,68.00,0.00,0.00,0.00,-799.00,643.00,676.00,0.00,6943.00,7.00,99.00,13422.00,282.00,0.00,3959.00
2022-06-29 13:00:00,529.00,0.00,0.00,7624.00,1324.00,69.00,0.00,0.00,0.00,-1290.00,638.00,436.00,0.00,6939.00,11.00,100.00,13140.00,283.00,0.00,4924.00
2022-06-29 14:00:00,519.00,0.00,0.00,7363.00,1326.00,68.00,0.00,0.00,0.00,-1800.00,634.00,366.00,0.00,6936.00,8.00,101.00,12720.00,285.00,0.00,5692.00
2022-06-29 15:00:00,514.00,0.00,0.00,6890.00,1319.00,68.00,0.00,0.00,0.00,-1817.00,631.00,319.00,0.00,6936.00,4.00,98.00,11937.00,289.00,0.00,6550.00
2022-06-29 16:00:00,513.00,0.00,0.00,6612.00,1276.00,68.00,0.00,0.00,0.00,-1808.00,626.00,315.00,0.00,6939.00,10.00,98.00,10836.00,294.00,0.00,7483.00
2022-06-29 17:00:00,531.00,0.00,0.00,7124.00,1239.00,69.00,0.00,0.00,0.00,-1613.00,614.00,347.00,0.00,6947.00,6.00,99.00,9051.00,296.00,0.00,7564.00
2022-06-29 18:00:00,538.00,0.00,0.00,8257.00,1226.00,74.00,0.00,0.00,0.00,-786.00,620.00,598.00,0.00,6955.00,4.00,99.00,5433.00,297.00,0.00,8111.00
2022-06-29 19:00:00,532.00,0.00,0.00,9665.00,1272.00,76.00,0.00,0.00,0.00,-289.00,632.00,1393.00,0.00,6958.00,4.00,97.00,1765.00,288.00,0.00,8330.00
2022-06-29 20:00:00,542.00,0.00,0.00,10205.00,1315.00,74.00,0.00,0.00,0.00,-154.00,657.00,1566.00,0.00,6956.00,4.00,96.00,774.00,286.00,0.00,8058.00
2022-06-29 21:00:00,532.00,0.00,0.00,9296.00,1318.00,74.00,0.00,0.00,0.00,-144.00,665.00,1267.00,0.00,6959.00,4.00,91.00,710.00,284.00,0.00,7629.00
2022-06-29 22:00:00,552.00,0.00,0.00,8557.00,1277.00,71.00,0.00,0.00,0.00,-89.00,684.00,1431.00,0.00,6961.00,4.00,88.00,713.00,286.00,0.00,6684.00
2022-06-29 23:00:00,558.00,0.00,0.00,8156.00,1152.00,71.00,0.00,0.00,0.00,0.00,690.00,1601.00,0.00,6961.00,4.00,88.00,715.00,288.00,0.00,5821.00
2022-06-30 00:00:00,541.00,0.00,0.00,7626.00,1015.00,70.00,0.00,0.00,0.00,0.00,681.00,1225.00,0.00,6958.00,4.00,91.00,709.00,288.00,0.00,5297.00
2022-06-30 01:00:00,537.00,0.00,0.00,7251.00,1004.00,69.00,0.00,0.00,0.00,0.00,676.00,981.00,0.00,6961.00,4.00,91.00,713.00,281.00,0.00,4922.00
2022-06-30 02:00:00,554.00,0.00,0.00,7503.00,1004.00,69.00,0.00,0.00,0.00,0.00,665.00,1038.00,0.00,6964.00,4.00,90.00,691.00,282.00,0.00,4463.00
2022-06-30 03:00:00,557.00,0.00,0.00,7830.00,1004.00,71.00,0.00,0.00,0.00,0.00,659.00,1152.00,0.00,6968.00,4.00,91.00,607.00,281.00,0.00,4076.00
2022-06-30 04:00:00,554.00,0.00,0.00,8180.00,1004.00,73.00,0.00,0.00,0.00,-114.00,663.00,1246.00,0.00,6968.00,4.00,94.00,446.00,284.00,0.00,3952.00
2022-06-30 05:00:00,567.00,0.00,0.00,8682.00,1004.00,76.00,0.00,0.00,0.00,-144.00,695.00,1817.00,0.00,6968.00,4.00,93.00,613.00,285.00,0.00,3847.00
2022-06-30 06:00:00,563.00,0.00,0.00,9173.00,1004.00,77.00,0.00,0.00,0.00,-166.00,739.00,2277.00,0.00,6971.00,4.00,95.00,2998.00,286.00,0.00,3648.00
2022-06-30 07:00:00,548.00,0.00,0.00,8577.00,1003.00,80.00,0.00,0.00,0.00,-177.00,728.00,1425.00,0.00,6976.00,4.00,98.00,7260.00,283.00,0.00,3365.00
2022-06-30 08:00:00,529.00,0.00,0.00,7440.00,1003.00,80.00,0.00,0.00,0.00,-119.00,706.00,787.00,0.00,6973.00,4.00,95.00,10782.00,283.00,0.00,3371.00
2022-06-30 09:00:00,558.00,0.00,0.00,7430.00,1001.00,78.00,0.00,0.00,0.00,-348.00,680.00,818.00,0.00,6969.00,4.00,93.00,12192.00,275.00,0.00,3428.00
2022-06-30 10:00:00,548.00,0.00,0.00,7799.00,1002.00,75.00,0.00,0.00,0.00,-269.00,639.00,855.00,0.00,6971.00,0.00,93.00,12536.00,276.00,0.00,3657.00
2022-06-30 11:00:00,537.00,0.00,0.00,7695.00,1003.00,73.00,0.00,0.00,0.00,-135.00,639.00,1067.00,0.00,6964.00,0.00,96.00,12779.00,276.00,0.00,4060.00
2022-06-30 12:00:00,540.00,0.00,0.00,7494.00,1004.00,72.00,0.00,0.00,0.00,-110.00,638.00,790.00,0.00,6965.00,0.00,96.00,13043.00,273.00,0.00,4373.00
2022-06-30 13:00:00,523.00,0.00,0.00,7310.00,1005.00,67.00,0.00,0.00,0.00,-286.00,617.00,641.00,0.00,6955.00,1.00,95.00,13018.00,277.00,0.00,4629.00
2022-06-30 14:00:00,532.00,0.00,0.00,7402.00,1005.00,67.00,0.00,0.00,0.00,-581.00,599.00,728.00,0.00,6948.00,4.00,92.00,12236.00,271.00,0.00,5017.00
2022-06-30 15:00:00,517.00,0.00,0.00,7215.00,1005.00,68.00,0.00,0.00,0.00,-388.00,581.00,676.00,0.00,6943.00,4.00,94.00,11328.00,268.00,0.00,5429.00
2022-06-30 16:00:00,506.00,0.00,0.00,7099.00,1006.00,68.00,0.00,0.00,0.00,-541.00,577.00,682.00,0.00,6946.00,5.00,96.00,10199.00,269.00,0.00,6121.00
2022-06-30 17:00:00,496.00,0.00,0.00,7348.00,1005.00,68.00,0.00,0.00,0.00,-436.00,578.00,699.00,0.00,6959.00,12.00,97.00,8802.00,273.00,0.00,6502.00
2022-06-30 18:00:00,537.00,0.00,0.00,9376.00,1005.00,74.00,0.00,0.00,0.00,-446.00,625.00,1282.00,0.00,6960.00,22.00,99.00,5202.00,270.00,0.00,6690.00
2022-06-30 19:00:00,568.00,0.00,0.00,10524.00,1005.00,76.00,0.00,0.00,0.00,-83.00,708.00,2136.00,0.00,6965.00,38.00,99.00,1666.00,274.00,0.00,6698.00
2022-06-30 20:00:00,569.00,0.00,0.00,10688.00,1005.00,76.00,0.00,0.00,0.00,0.00,739.00,2678.00,0.00,6968.00,46.00,100.00,708.00,275.00,0.00,6903.00
2022-06-30 21:00:00,562.00,0.00,0.00,10194.00,1007.00,75.00,0.00,0.00,0.00,0.00,738.00,2366.00,0.00,6972.00,44.00,100.00,662.00,276.00,0.00,6512.00
2022-06-30 22:00:00,560.00,0.00,0.00,9780.00,1006.00,72.00,0.00,0.00,0.00,0.00,695.00,1756.00,0.00,6970.00,44.00,101.00,661.00,278.00,0.00,6286.00
2022-06-30 23:00:00,532.00,0.00,0.00,9340.00,1006.00,72.00,0.00,0.00,0.00,0.00,646.00,1305.00,0.00,6969.00,44.00,95.00,657.00,291.00,0.00,6277.00
2022-07-01 00:00:00,543.00,0.00,0.00,9153.00,1005.00,72.00,0.00,0.00,0.00,0.00,604.00,1187.00,0.00,6974.00,44.00,95.00,668.00,292.00,0.00,5780.00
2022-07-01 01:00:00,557.00,0.00,0.00,9005.00,1006.00,72.00,0.00,0.00,0.00,0.00,577.00,1011.00,0.00,6977.00,44.00,96.00,652.00,295.00,0.00,5383.00
2022-07-01 02:00:00,558.00,0.00,0.00,9029.00,1005.00,72.00,0.00,0.00,0.00,0.00,573.00,1006.00,0.00,6981.00,44.00,99.00,649.00,299.00,0.00,4980.00
2022-07-01 03:00:00,561.00,0.00,0.00,9298.00,1006.00,72.00,0.00,0.00,0.00,0.00,576.00,1111.00,0.00,6987.00,44.00,98.00,571.00,303.00,0.00,4577.00
2022-07-01 04:00:00,554.00,0.00,0.00,9465.00,1007.00,74.00,0.00,0.00,0.00,0.00,584.00,1306.00,0.00,6991.00,44.00,97.00,407.00,306.00,0.00,4493.00
2022-07-01 05:00:00,562.00,0.00,0.00,10080.00,1006.00,76.00,0.00,0.00,0.00,0.00,615.00,1819.00,0.00,6992.00,44.00,99.00,736.00,305.00,0.00,4134.00
2022-07-01 06:00:00,563.00,0.00,0.00,9700.00,1005.00,75.00,0.00,0.00,0.00,0.00,664.00,2215.00,0.00,6991.00,44.00,106.00,3769.00,310.00,0.00,3279.00
2022-07-01 07:00:00,553.00,0.00,0.00,8883.00,976.00,71.00,0.00,0.00,0.00,-84.00,685.00,2060.00,0.00,6989.00,44.00,108.00,8390.00,310.00,0.00,2547.00
2022-07-01 08:00:00,570.00,0.00,0.00,8534.00,976.00,78.00,0.00,0.00,0.00,-237.00,685.00,1814.00,0.00,6982.00,44.00,109.00,10972.00,305.00,0.00,2154.00
2022-07-01 09:00:00,570.00,0.00,0.00,9280.00,976.00,78.00,0.00,0.00,0.00,-417.00,673.00,1736.00,0.00,6973.00,44.00,107.00,11436.00,296.00,0.00,1833.00
2022-07-01 10:00:00,542.00,0.00,0.00,9388.00,976.00,76.00,0.00,0.00,0.00,-566.00,664.00,1515.00,0.00,6968.00,44.00,108.00,11914.00,280.00,0.00,1835.00
2022-07-01 11:00:00,543.00,0.00,0.00,9201.00,976.00,76.00,0.00,0.00,0.00,-570.00,655.00,1436.00,0.00,6961.00,44.00,105.00,12293.00,284.00,0.00,1989.00
2022-07-01 12:00:00,540.00,0.00,0.00,8711.00,976.00,73.00,0.00,0.00,0.00,-649.00,632.00,1246.00,0.00,6959.00,44.00,104.00,12736.00,284.00,0.00,2371.00
2022-07-01 13:00:00,538.00,0.00,0.00,8413.00,977.00,76.00,0.00,0.00,0.00,-732.00,611.00,1060.00,0.00,6960.00,44.00,104.00,12635.00,283.00,0.00,2868.00
2022-07-01 14:00:00,544.00,0.00,0.00,8608.00,977.00,76.00,0.00,0.00,0.00,-941.00,610.00,849.00,0.00,6964.00,44.00,99.00,12077.00,296.00,0.00,3525.00
2022-07-01 15:00:00,534.00,0.00,0.00,8680.00,976.00,76.00,0.00,0.00,0.00,-1277.00,642.00,617.00,0.00,6958.00,44.00,102.00,11511.00,298.00,0.00,4046.00
2022-07-01 16:00:00,534.00,0.00,0.00,8858.00,977.00,80.00,0.00,0.00,0.00,-1203.00,615.00,452.00,0.00,6950.00,44.00,105.00,10681.00,296.00,0.00,4512.00
2022-07-01 17:00:00,522.00,0.00,0.00,8787.00,1065.00,80.00,0.00,0.00,0.00,-745.00,597.00,580.00,0.00,6947.00,44.00,103.00,9246.00,296.00,0.00,5032.00
2022-07-01 18:00:00,545.00,0.00,0.00,9559.00,1127.00,80.00,0.00,0.00,0.00,-517.00,651.00,1503.00,0.00,6950.00,44.00,104.00,5482.00,293.00,0.00,5729.00
2022-07-01 19:00:00,576.00,0.00,0.00,10259.00,1221.00,80.00,0.00,0.00,0.00,-17.00,719.00,2328.00,0.00,6952.00,44.00,107.00,1659.00,294.00,0.00,6259.00
2022-07-01 20:00:00,583.00,0.00,0.00,9929.00,1286.00,80.00,0.00,0.00,0.00,-5.00,773.00,2403.00,0.00,6953.00,44.00,105.00,641.00,294.00,0.00,7011.00
2022-07-01 21:00:00,573.00,0.00,0.00,8918.00,1312.00,80.00,0.00,0.00,0.00,-283.00,782.00,1932.00,0.00,6958.00,44.00,101.00,583.00,296.00,0.00,7706.00
2022-07-01 22:00:00,559.00,0.00,0.00,9112.00,1324.00,71.00,0.00,0.00,0.00,-105.00,752.00,1317.00,0.00,6967.00,44.00,97.00,579.00,296.00,0.00,7478.00
2022-07-01 23:00:00,556.00,0.00,0.00,9101.00,1325.00,71.00,0.00,0.00,0.00,0.00,697.00,999.00,0.00,6921.00,44.00,104.00,582.00,295.00,0.00,6869.00
2022-07-02 00:00:00,546.00,0.00,0.00,8937.00,1327.00,70.00,0.00,0.00,0.00,0.00,649.00,758.00,0.00,6725.00,44.00,104.00,580.00,293.00,0.00,6497.00
2022-07-02 01:00:00,546.00,0.00,0.00,8843.00,1327.00,68.00,0.00,0.00,0.00,0.00,609.00,501.00,0.00,6560.00,44.00,102.00,587.00,293.00,0.00,6152.00
2022-07-02 02:00:00,544.00,0.00,0.00,9028.00,1327.00,71.00,0.00,0.00,0.00,0.00,600.00,549.00,0.00,6539.00,44.00,100.00,584.00,290.00,0.00,5436.00
2022-07-02 03:00:00,540.00,0.00,0.00,9070.00,1327.00,72.00,0.00,0.00,0.00,0.00,599.00,954.00,0.00,6562.00,44.00,100.00,578.00,290.00,0.00,4977.00
2022-07-02 04:00:00,533.00,0.00,0.00,8798.00,1326.00,71.00,0.00,0.00,0.00,0.00,610.00,908.00,0.00,6533.00,44.00,100.00,462.00,293.00,0.00,4844.00
2022-07-02 05:00:00,539.00,0.00,0.00,8687.00,1328.00,72.00,0.00,0.00,0.00,-19.00,617.00,908.00,0.00,6583.00,44.00,102.00,613.00,284.00,0.00,4619.00
2022-07-02 06:00:00,552.00,0.00,0.00,8743.00,1328.00,72.00,0.00,0.00,0.00,-104.00,632.00,803.00,0.00,6613.00,44.00,104.00,2994.00,280.00,0.00,4101.00
2022-07-02 07:00:00,542.00,0.00,0.00,7734.00,1323.00,71.00,0.00,0.00,0.00,-318.00,633.00,868.00,0.00,6639.00,44.00,102.00,7014.00,290.00,0.00,3641.00
2022-07-02 08:00:00,519.00,0.00,0.00,7181.00,1195.00,70.00,0.00,0.00,0.00,-268.00,625.00,730.00,0.00,6671.00,44.00,100.00,10011.00,295.00,0.00,3518.00
2022-07-02 09:00:00,512.00,0.00,0.00,6737.00,1114.00,70.00,0.00,0.00,0.00,-291.00,622.00,907.00,0.00,6689.00,44.00,100.00,11449.00,293.00,0.00,3546.00
2022-07-02 10:00:00,526.00,0.00,0.00,6609.00,1113.00,66.00,0.00,0.00,0.00,-351.00,631.00,898.00,0.00,6711.00,44.00,100.00,11878.00,292.00,0.00,3878.00
2022-07-02 11:00:00,539.00,0.00,0.00,6574.00,1112.00,64.00,0.00,0.00,0.00,-352.00,626.00,751.00,0.00,6722.00,44.00,100.00,12058.00,296.00,0.00,4283.00
2022-07-02 12:00:00,525.00,0.00,0.00,6360.00,1114.00,64.00,0.00,0.00,0.00,-791.00,624.00,615.00,0.00,6736.00,44.00,101.00,12308.00,294.00,0.00,4657.00
2022-07-02 13:00:00,505.00,0.00,0.00,6449.00,1112.00,64.00,0.00,0.00,0.00,-1475.00,612.00,607.00,0.00,6757.00,44.00,102.00,12334.00,293.00,0.00,4948.00
2022-07-02 14:00:00,498.00,0.00,0.00,6190.00,1113.00,64.00,0.00,0.00,0.00,-1345.00,582.00,573.00,0.00,6778.00,41.00,102.00,12063.00,293.00,0.00,5011.00
2022-07-02 15:00:00,494.00,0.00,0.00,6075.00,1112.00,64.00,0.00,0.00,0.00,-1643.00,572.00,563.00,0.00,6802.00,41.00,97.00,11657.00,293.00,0.00,5424.00
2022-07-02 16:00:00,498.00,0.00,0.00,6488.00,1112.00,62.00,0.00,0.00,0.00,-1481.00,574.00,587.00,0.00,6820.00,44.00,95.00,10472.00,290.00,0.00,6041.00
2022-07-02 17:00:00,497.00,0.00,0.00,6968.00,1110.00,66.00,0.00,0.00,0.00,-1560.00,562.00,567.00,0.00,6843.00,44.00,99.00,8533.00,292.00,0.00,6826.00
2022-07-02 18:00:00,529.00,0.00,0.00,8432.00,1112.00,68.00,0.00,0.00,0.00,-680.00,585.00,1207.00,0.00,6862.00,44.00,97.00,4788.00,290.00,0.00,6930.00
2022-07-02 19:00:00,538.00,0.00,0.00,8850.00,1111.00,68.00,0.00,0.00,0.00,0.00,624.00,2624.00,0.00,6881.00,44.00,100.00,1466.00,291.00,0.00,6845.00
2022-07-02 20:00:00,543.00,0.00,0.00,9114.00,1112.00,68.00,0.00,0.00,0.00,0.00,646.00,2980.00,0.00,6907.00,42.00,101.00,616.00,292.00,0.00,6953.00
2022-07-02 21:00:00,546.00,0.00,0.00,8949.00,1116.00,68.00,0.00,0.00,0.00,0.00,646.00,2561.00,0.00,6931.00,43.00,104.00,517.00,292.00,0.00,6789.00
2022-07-02 22:00:00,549.00,0.00,0.00,8954.00,1113.00,68.00,0.00,0.00,0.00,0.00,619.00,1789.00,0.00,6949.00,44.00,101.00,491.00,284.00,0.00,6662.00
2022-07-02 23:00:00,551.00,0.00,0.00,8620.00,1116.00,68.00,0.00,0.00,0.00,0.00,577.00,1404.00,0.00,6950.00,44.00,100.00,464.00,286.00,0.00,6536.00
2022-07-03 00:00:00,537.00,0.00,0.00,8086.00,1113.00,66.00,0.00,0.00,0.00,-177.00,564.00,1049.00,0.00,6948.00,44.00,100.00,467.00,286.00,0.00,6552.00
2022-07-03 01:00:00,522.00,0.00,0.00,7838.00,1115.00,64.00,0.00,0.00,0.00,-269.00,558.00,1272.00,0.00,6947.00,44.00,98.00,419.00,292.00,0.00,6031.00
2022-07-03 02:00:00,518.00,0.00,0.00,7770.00,1113.00,64.00,0.00,0.00,0.00,-413.00,556.00,1380.00,0.00,6948.00,44.00,98.00,292.00,292.00,0.00,5802.00
2022-07-03 03:00:00,514.00,0.00,0.00,7723.00,1114.00,64.00,0.00,0.00,0.00,-464.00,557.00,1315.00,0.00,6950.00,44.00,100.00,250.00,292.00,0.00,5655.00
2022-07-03 04:00:00,503.00,0.00,0.00,7826.00,1115.00,64.00,0.00,0.00,0.00,-464.00,581.00,1366.00,0.00,6947.00,44.00,99.00,145.00,284.00,0.00,5661.00
2022-07-03 05:00:00,495.00,0.00,0.00,7428.00,1114.00,63.00,0.00,0.00,0.00,-563.00,591.00,1015.00,0.00,6948.00,44.00,99.00,290.00,280.00,0.00,5735.00
2022-07-03 06:00:00,496.00,0.00,0.00,7177.00,1110.00,60.00,0.00,0.00,0.00,-1453.00,621.00,733.00,0.00,6951.00,44.00,96.00,2379.00,281.00,0.00,5613.00
2022-07-03 07:00:00,497.00,0.00,0.00,6750.00,1040.00,56.00,0.00,0.00,0.00,-1744.00,668.00,685.00,0.00,6956.00,44.00,98.00,5706.00,276.00,0.00,4714.00
2022-07-03 08:00:00,491.00,0.00,0.00,5940.00,1036.00,46.00,0.00,0.00,0.00,-1228.00,708.00,741.00,0.00,6956.00,44.00,99.00,7968.00,274.00,0.00,4108.00
2022-07-03 09:00:00,479.00,0.00,0.00,5408.00,1035.00,48.00,0.00,0.00,0.00,-781.00,646.00,898.00,0.00,6953.00,44.00,98.00,9117.00,273.00,0.00,3939.00
2022-07-03 10:00:00,486.00,0.00,0.00,5480.00,1034.00,48.00,0.00,0.00,0.00,-478.00,618.00,868.00,0.00,6940.00,44.00,96.00,10139.00,277.00,0.00,4179.00
2022-07-03 11:00:00,479.00,0.00,0.00,5481.00,1035.00,48.00,0.00,0.00,0.00,-337.00,648.00,1069.00,0.00,6938.00,44.00,98.00,10123.00,280.00,0.00,4488.00
2022-07-03 12:00:00,468.00,0.00,0.00,5434.00,1035.00,48.00,0.00,0.00,0.00,-360.00,633.00,1417.00,0.00,6934.00,44.00,97.00,10271.00,275.00,0.00,4883.00
2022-07-03 13:00:00,410.00,0.00,0.00,4851.00,1043.00,48.00,0.00,0.00,0.00,-998.00,583.00,537.00,0.00,6922.00,44.00,95.00,10909.00,271.00,0.00,6101.00
2022-07-03 14:00:00,395.00,0.00,0.00,4339.00,1063.00,48.00,0.00,0.00,0.00,-2351.00,561.00,357.00,0.00,6916.00,44.00,92.00,11317.00,276.00,0.00,7558.00
2022-07-03 15:00:00,449.00,0.00,0.00,5145.00,1006.00,48.00,0.00,0.00,0.00,-2561.00,624.00,511.00,0.00,6927.00,44.00,92.00,10392.00,280.00,0.00,7445.00
2022-07-03 16:00:00,449.00,0.00,0.00,5173.00,1022.00,48.00,0.00,0.00,0.00,-2320.00,675.00,584.00,0.00,6934.00,44.00,92.00,8855.00,280.00,0.00,8984.00
2022-07-03 17:00:00,426.00,0.00,0.00,6495.00,1125.00,48.00,0.00,0.00,0.00,-1647.00,656.00,651.00,0.00,6936.00,44.00,92.00,7304.00,282.00,0.00,8548.00
2022-07-03 18:00:00,409.00,0.00,0.00,7416.00,1240.00,54.00,0.00,0.00,0.00,-707.00,604.00,690.00,0.00,6938.00,44.00,91.00,4435.00,286.00,0.00,8893.00
2022-07-03 19:00:00,449.00,0.00,0.00,9174.00,1314.00,56.00,0.00,0.00,0.00,-523.00,645.00,1495.00,0.00,6932.00,44.00,93.00,1436.00,288.00,0.00,8511.00
2022-07-03 20:00:00,456.00,0.00,0.00,8897.00,1323.00,56.00,0.00,0.00,0.00,-76.00,655.00,2220.00,0.00,6939.00,42.00,95.00,524.00,290.00,0.00,8860.00
2022-07-03 21:00:00,461.00,0.00,0.00,9467.00,1325.00,56.00,0.00,0.00,0.00,-99.00,685.00,1833.00,0.00,6941.00,44.00,97.00,474.00,286.00,0.00,8640.00
2022-07-03 22:00:00,465.00,0.00,0.00,9768.00,1328.00,56.00,0.00,0.00,0.00,-213.00,643.00,1046.00,0.00,6945.00,44.00,95.00,463.00,284.00,0.00,8157.00
2022-07-03 23:00:00,468.00,0.00,0.00,9883.00,1327.00,56.00,0.00,0.00,0.00,-412.00,613.00,690.00,0.00,6946.00,44.00,92.00,367.00,288.00,0.00,7349.00
2022-07-04 00:00:00,466.00,0.00,0.00,10341.00,1324.00,56.00,0.00,0.00,0.00,-227.00,601.00,455.00,0.00,6942.00,44.00,92.00,287.00,288.00,0.00,6302.00
2022-07-04 01:00:00,453.00,0.00,0.00,9888.00,1327.00,56.00,0.00,0.00,0.00,-152.00,598.00,448.00,0.00,6945.00,44.00,91.00,273.00,292.00,0.00,5940.00
2022-07-04 02:00:00,453.00,0.00,0.00,9746.00,1328.00,56.00,0.00,0.00,0.00,-152.00,594.00,372.00,0.00,6950.00,44.00,91.00,273.00,291.00,0.00,5839.00
2022-07-04 03:00:00,447.00,0.00,0.00,9992.00,1324.00,56.00,0.00,0.00,0.00,-152.00,588.00,412.00,0.00,6952.00,44.00,92.00,262.00,290.00,0.00,5614.00
2022-07-04 04:00:00,461.00,0.00,0.00,10049.00,1325.00,58.00,0.00,0.00,0.00,-97.00,626.00,675.00,0.00,6959.00,44.00,92.00,193.00,290.00,0.00,5604.00
2022-07-04 05:00:00,479.00,0.00,0.00,10521.00,1326.00,72.00,0.00,0.00,0.00,0.00,695.00,1003.00,0.00,6961.00,44.00,92.00,355.00,286.00,0.00,5406.00
2022-07-04 06:00:00,471.00,0.00,0.00,10229.00,1324.00,77.00,0.00,0.00,0.00,0.00,733.00,1376.00,0.00,6962.00,44.00,96.00,2765.00,288.00,0.00,4869.00
2022-07-04 07:00:00,478.00,0.00,0.00,9947.00,1323.00,80.00,0.00,0.00,0.00,-63.00,746.00,981.00,0.00,6959.00,44.00,90.00,6824.00,285.00,0.00,4473.00
2022-07-04 08:00:00,481.00,0.00,0.00,9969.00,1325.00,77.00,0.00,0.00,0.00,-75.00,706.00,816.00,0.00,6957.00,44.00,88.00,9833.00,283.00,0.00,3909.00
2022-07-04 09:00:00,472.00,0.00,0.00,10016.00,1324.00,78.00,0.00,0.00,0.00,-135.00,686.00,627.00,0.00,6953.00,44.00,84.00,11576.00,284.00,0.00,3497.00
2022-07-04 10:00:00,467.00,0.00,0.00,10324.00,1310.00,80.00,0.00,0.00,0.00,-102.00,648.00,592.00,0.00,6945.00,44.00,89.00,12699.00,277.00,0.00,3304.00
2022-07-04 11:00:00,472.00,0.00,0.00,10474.00,1319.00,78.00,0.00,0.00,0.00,-18.00,640.00,596.00,0.00,6941.00,44.00,95.00,12962.00,278.00,0.00,3355.00
2022-07-04 12:00:00,453.00,0.00,0.00,10027.00,1321.00,71.00,0.00,0.00,0.00,-22.00,640.00,607.00,0.00,6940.00,44.00,96.00,12975.00,280.00,0.00,3750.00
2022-07-04 13:00:00,446.00,0.00,0.00,9670.00,1323.00,68.00,0.00,0.00,0.00,-374.00,630.00,634.00,0.00,6929.00,44.00,96.00,12659.00,280.00,0.00,4324.00
2022-07-04 14:00:00,442.00,0.00,0.00,9333.00,1320.00,68.00,0.00,0.00,0.00,-124.00,604.00,517.00,0.00,6921.00,44.00,97.00,12260.00,284.00,0.00,4812.00
2022-07-04 15:00:00,435.00,0.00,0.00,8913.00,1322.00,66.00,0.00,0.00,0.00,0.00,567.00,431.00,0.00,6913.00,44.00,100.00,11898.00,287.00,0.00,5528.00
2022-07-04 16:00:00,455.00,0.00,0.00,9032.00,1325.00,64.00,0.00,0.00,0.00,-119.00,564.00,548.00,0.00,6909.00,44.00,100.00,11013.00,288.00,0.00,6210.00
2022-07-04 17:00:00,483.00,0.00,0.00,9867.00,1324.00,66.00,0.00,0.00,0.00,-169.00,585.00,777.00,0.00,6910.00,44.00,100.00,9013.00,286.00,0.00,6790.00
2022-07-04 18:00:00,505.00,0.00,0.00,11027.00,1323.00,99.00,0.00,0.00,0.00,-109.00,635.00,1283.00,0.00,6913.00,44.00,102.00,5391.00,287.00,0.00,7445.00
2022-07-04 19:00:00,525.00,0.00,0.00,11928.00,1324.00,112.00,0.00,0.00,0.00,-10.00,700.00,2043.00,0.00,6920.00,44.00,104.00,1910.00,289.00,0.00,8006.00
2022-07-04 20:00:00,519.00,0.00,0.00,12237.00,1321.00,115.00,0.00,0.00,0.00,0.00,742.00,2441.00,0.00,6932.00,44.00,104.00,872.00,286.00,0.00,8424.00
2022-07-04 21:00:00,505.00,0.00,0.00,11266.00,1256.00,100.00,0.00,0.00,0.00,0.00,710.00,1789.00,0.00,6936.00,44.00,103.00,787.00,289.00,0.00,9005.00
2022-07-04 22:00:00,503.00,0.00,0.00,9750.00,1175.00,81.00,0.00,0.00,0.00,0.00,675.00,1456.00,0.00,6937.00,44.00,98.00,551.00,290.00,0.00,9350.00
2022-07-04 23:00:00,475.00,0.00,0.00,8673.00,1172.00,68.00,0.00,0.00,0.00,-137.00,599.00,945.00,0.00,6936.00,44.00,97.00,398.00,274.00,0.00,9652.00
2022-07-05 00:00:00,486.00,0.00,0.00,8816.00,1173.00,64.00,0.00,0.00,0.00,-883.00,574.00,446.00,0.00,6936.00,44.00,95.00,356.00,276.00,0.00,9685.00
2022-07-05 01:00:00,500.00,0.00,0.00,8849.00,1171.00,64.00,0.00,0.00,0.00,-1280.00,566.00,315.00,0.00,6938.00,44.00,96.00,313.00,275.00,0.00,9588.00
2022-07-05 02:00:00,503.00,0.00,0.00,9060.00,1172.00,64.00,0.00,0.00,0.00,-1263.00,558.00,301.00,0.00,6944.00,44.00,96.00,328.00,276.00,0.00,9157.00
2022-07-05 03:00:00,508.00,0.00,0.00,9492.00,1173.00,64.00,0.00,0.00,0.00,-991.00,566.00,405.00,0.00,6946.00,44.00,96.00,328.00,279.00,0.00,8518.00
2022-07-05 04:00:00,490.00,0.00,0.00,9610.00,1169.00,64.00,0.00,0.00,0.00,-589.00,565.00,582.00,0.00,6955.00,44.00,96.00,313.00,275.00,0.00,8045.00
2022-07-05 05:00:00,485.00,0.00,0.00,9976.00,1173.00,65.00,0.00,0.00,0.00,-73.00,627.00,1201.00,0.00,6956.00,45.00,93.00,460.00,280.00,0.00,7546.00
2022-07-05 06:00:00,452.00,0.00,0.00,9732.00,1175.00,68.00,0.00,0.00,0.00,0.00,654.00,1679.00,0.00,6956.00,53.00,94.00,2878.00,278.00,0.00,6752.00
2022-07-05 07:00:00,472.00,0.00,0.00,9265.00,1174.00,67.00,0.00,0.00,0.00,-33.00,680.00,1603.00,0.00,6953.00,60.00,93.00,6538.00,269.00,0.00,5898.00
2022-07-05 08:00:00,464.00,0.00,0.00,9446.00,1189.00,65.00,0.00,0.00,0.00,-152.00,711.00,1368.00,0.00,6947.00,57.00,92.00,9398.00,258.00,0.00,5264.00
2022-07-05 09:00:00,455.00,0.00,0.00,9408.00,1233.00,68.00,0.00,0.00,0.00,-152.00,696.00,1306.00,0.00,6942.00,48.00,92.00,11040.00,252.00,0.00,5006.00
2022-07-05 10:00:00,464.00,0.00,0.00,9341.00,1293.00,68.00,0.00,0.00,0.00,-57.00,668.00,1288.00,0.00,6936.00,58.00,92.00,11776.00,247.00,0.00,5191.00
2022-07-05 11:00:00,461.00,0.00,0.00,9241.00,1323.00,65.00,0.00,0.00,0.00,0.00,644.00,809.00,0.00,6930.00,60.00,95.00,12230.00,253.00,0.00,5790.00
2022-07-05 12:00:00,464.00,0.00,0.00,8986.00,1320.00,68.00,0.00,0.00,0.00,-154.00,638.00,499.00,0.00,6926.00,58.00,96.00,12315.00,247.00,0.00,6490.00
2022-07-05 13:00:00,458.00,0.00,0.00,8795.00,1324.00,68.00,0.00,0.00,0.00,-352.00,608.00,482.00,0.00,6924.00,53.00,94.00,11951.00,240.00,0.00,7168.00
2022-07-05 14:00:00,476.00,0.00,0.00,9017.00,1323.00,65.00,0.00,0.00,0.00,-515.00,594.00,497.00,0.00,6919.00,47.00,93.00,10679.00,244.00,0.00,8128.00
2022-07-05 15:00:00,471.00,0.00,0.00,8819.00,1324.00,62.00,0.00,0.00,0.00,-499.00,557.00,717.00,0.00,6916.00,44.00,94.00,9815.00,251.00,0.00,8946.00
2022-07-05 16:00:00,465.00,0.00,0.00,8039.00,1324.00,62.00,0.00,0.00,0.00,-1233.00,537.00,489.00,0.00,6916.00,44.00,97.00,9105.00,247.00,0.00,10255.00
2022-07-05 17:00:00,492.00,0.00,0.00,9091.00,1324.00,64.00,0.00,0.00,0.00,-1642.00,537.00,725.00,0.00,6921.00,44.00,99.00,7066.00,249.00,0.00,10700.00
2022-07-05 18:00:00,481.00,0.00,0.00,9069.00,1324.00,64.00,0.00,0.00,0.00,-991.00,580.00,949.00,0.00,6928.00,44.00,101.00,4319.00,256.00,0.00,11640.00
2022-07-05 19:00:00,502.00,0.00,0.00,10158.00,1324.00,64.00,0.00,0.00,0.00,-735.00,641.00,1392.00,0.00,6929.00,44.00,101.00,1466.00,257.00,0.00,11528.00
2022-07-05 20:00:00,475.00,0.00,0.00,9898.00,1323.00,64.00,0.00,0.00,0.00,-540.00,676.00,1289.00,0.00,6933.00,44.00,99.00,628.00,251.00,0.00,12016.00
2022-07-05 21:00:00,480.00,0.00,0.00,8788.00,1325.00,64.00,0.00,0.00,0.00,-854.00,686.00,1005.00,0.00,6934.00,42.00,100.00,589.00,254.00,0.00,12114.00
2022-07-05 22:00:00,502.00,0.00,0.00,8139.00,1323.00,61.00,0.00,0.00,0.00,-912.00,648.00,927.00,0.00,6936.00,44.00,96.00,567.00,255.00,0.00,11909.00
2022-07-05 23:00:00,507.00,0.00,0.00,7809.00,1324.00,59.00,0.00,0.00,0.00,-588.00,589.00,577.00,0.00,6936.00,44.00,93.00,543.00,253.00,0.00,11335.00
2022-07-06 00:00:00,496.00,0.00,0.00,7497.00,1324.00,56.00,0.00,0.00,0.00,-973.00,552.00,388.00,0.00,6933.00,44.00,92.00,504.00,255.00,0.00,10806.00
2022-07-06 01:00:00,506.00,0.00,0.00,7728.00,1325.00,56.00,0.00,0.00,0.00,-1088.00,538.00,455.00,0.00,6932.00,44.00,91.00,387.00,256.00,0.00,9992.00
2022-07-06 02:00:00,491.00,0.00,0.00,7391.00,1324.00,56.00,0.00,0.00,0.00,-696.00,541.00,482.00,0.00,6932.00,44.00,91.00,321.00,260.00,0.00,9506.00
2022-07-06 03:00:00,478.00,0.00,0.00,7121.00,1324.00,57.00,0.00,0.00,0.00,-290.00,529.00,525.00,0.00,6932.00,44.00,92.00,273.00,264.00,0.00,9213.00
2022-07-06 04:00:00,480.00,0.00,0.00,7335.00,1327.00,66.00,0.00,0.00,0.00,-89.00,553.00,917.00,0.00,6935.00,44.00,92.00,202.00,262.00,0.00,9013.00
2022-07-06 05:00:00,496.00,0.00,0.00,8064.00,1327.00,74.00,0.00,0.00,0.00,0.00,603.00,1495.00,0.00,6936.00,46.00,92.00,355.00,261.00,0.00,8656.00
2022-07-06 06:00:00,506.00,0.00,0.00,8636.00,1326.00,75.00,0.00,0.00,0.00,0.00,640.00,1590.00,0.00,6935.00,53.00,92.00,2397.00,259.00,0.00,8108.00
2022-07-06 07:00:00,518.00,0.00,0.00,8232.00,1328.00,80.00,0.00,0.00,0.00,-25.00,693.00,1529.00,0.00,6942.00,58.00,90.00,5705.00,260.00,0.00,8013.00
2022-07-06 08:00:00,503.00,0.00,0.00,7867.00,1327.00,80.00,0.00,0.00,0.00,-12.00,680.00,1049.00,0.00,6944.00,57.00,92.00,8308.00,255.00,0.00,7894.00
2022-07-06 09:00:00,494.00,0.00,0.00,8044.00,1325.00,80.00,0.00,0.00,0.00,-113.00,661.00,671.00,0.00,6941.00,52.00,92.00,9989.00,258.00,0.00,7778.00
2022-07-06 10:00:00,495.00,0.00,0.00,8101.00,1324.00,80.00,0.00,0.00,0.00,-84.00,641.00,657.00,0.00,6941.00,55.00,92.00,11211.00,264.00,0.00,7439.00
2022-07-06 11:00:00,495.00,0.00,0.00,8239.00,1323.00,80.00,0.00,0.00,0.00,-36.00,644.00,639.00,0.00,6936.00,58.00,92.00,12018.00,264.00,0.00,7206.00
2022-07-06 12:00:00,505.00,0.00,0.00,8141.00,1324.00,72.00,0.00,0.00,0.00,-52.00,629.00,994.00,0.00,6933.00,59.00,96.00,11862.00,256.00,0.00,7333.00
2022-07-06 13:00:00,490.00,0.00,0.00,7590.00,1316.00,68.00,0.00,0.00,0.00,-75.00,605.00,942.00,0.00,6930.00,50.00,97.00,11366.00,254.00,0.00,7943.00
2022-07-06 14:00:00,484.00,0.00,0.00,7014.00,1319.00,68.00,0.00,0.00,0.00,-373.00,575.00,613.00,0.00,6930.00,44.00,97.00,10931.00,253.00,0.00,8508.00
2022-07-06 15:00:00,508.00,0.00,0.00,7858.00,1319.00,68.00,0.00,0.00,0.00,-411.00,577.00,941.00,0.00,6721.00,44.00,97.00,10151.00,253.00,0.00,8352.00
2022-07-06 16:00:00,474.00,0.00,0.00,7531.00,1319.00,69.00,0.00,0.00,0.00,-195.00,561.00,782.00,0.00,6291.00,45.00,97.00,9337.00,252.00,0.00,9556.00
2022-07-06 17:00:00,489.00,0.00,0.00,7868.00,1320.00,79.00,0.00,0.00,0.00,-997.00,576.00,623.00,0.00,6295.00,49.00,100.00,8247.00,252.00,0.00,10099.00
2022-07-06 18:00:00,513.00,0.00,0.00,9012.00,1316.00,80.00,0.00,0.00,0.00,-588.00,627.00,1202.00,0.00,6296.00,52.00,100.00,4800.00,255.00,0.00,9726.00
2022-07-06 19:00:00,516.00,0.00,0.00,9864.00,1322.00,80.00,0.00,0.00,0.00,-15.00,680.00,1866.00,0.00,6263.00,52.00,99.00,1505.00,256.00,0.00,9524.00
2022-07-06 20:00:00,503.00,0.00,0.00,9481.00,1319.00,80.00,0.00,0.00,0.00,-2.00,700.00,1656.00,0.00,6277.00,51.00,96.00,657.00,254.00,0.00,10297.00
2022-07-06 21:00:00,484.00,0.00,0.00,8434.00,1322.00,80.00,0.00,0.00,0.00,-509.00,671.00,948.00,0.00,6754.00,48.00,94.00,616.00,260.00,0.00,10596.00
2022-07-06 22:00:00,446.00,0.00,0.00,7653.00,1324.00,71.00,0.00,0.00,0.00,-342.00,623.00,819.00,0.00,6950.00,48.00,89.00,615.00,258.00,0.00,10514.00
2022-07-06 23:00:00,452.00,0.00,0.00,6783.00,1320.00,57.00,0.00,0.00,0.00,-261.00,580.00,553.00,0.00,6955.00,48.00,86.00,574.00,252.00,0.00,10609.00
2022-07-07 00:00:00,455.00,0.00,0.00,5969.00,1320.00,52.00,0.00,0.00,0.00,-864.00,568.00,383.00,0.00,6948.00,49.00,84.00,592.00,245.00,0.00,10745.00
2022-07-07 01:00:00,459.00,0.00,0.00,5739.00,1323.00,52.00,0.00,0.00,0.00,-1196.00,566.00,344.00,0.00,6948.00,51.00,88.00,604.00,246.00,0.00,10519.00
2022-07-07 02:00:00,467.00,0.00,0.00,5819.00,1324.00,52.00,0.00,0.00,0.00,-1317.00,566.00,354.00,0.00,6952.00,49.00,90.00,608.00,247.00,0.00,10176.00
2022-07-07 03:00:00,456.00,0.00,0.00,5741.00,1323.00,52.00,0.00,0.00,0.00,-1262.00,558.00,386.00,0.00,6955.00,48.00,92.00,609.00,248.00,0.00,10132.00
2022-07-07 04:00:00,464.00,0.00,0.00,5947.00,1323.00,53.00,0.00,0.00,0.00,-833.00,559.00,469.00,0.00,6956.00,48.00,91.00,515.00,247.00,0.00,10072.00
2022-07-07 05:00:00,467.00,0.00,0.00,6688.00,1324.00,56.00,0.00,0.00,0.00,-652.00,561.00,1136.00,0.00,6958.00,51.00,88.00,574.00,245.00,0.00,9924.00
2022-07-07 06:00:00,503.00,0.00,0.00,6329.00,1313.00,56.00,0.00,0.00,0.00,-324.00,589.00,943.00,0.00,6960.00,62.00,86.00,3064.00,246.00,0.00,9718.00
2022-07-07 07:00:00,515.00,0.00,0.00,6025.00,1320.00,60.00,0.00,0.00,0.00,-1106.00,616.00,705.00,0.00,6947.00,58.00,89.00,7380.00,242.00,0.00,9347.00
2022-07-07 08:00:00,507.00,0.00,0.00,6091.00,1323.00,60.00,0.00,0.00,0.00,-1797.00,647.00,684.00,0.00,6925.00,54.00,90.00,10226.00,240.00,0.00,9191.00
2022-07-07 09:00:00,498.00,0.00,0.00,5939.00,1323.00,60.00,0.00,0.00,0.00,-1906.00,641.00,610.00,0.00,6922.00,59.00,92.00,11651.00,234.00,0.00,9232.00
2022-07-07 10:00:00,505.00,0.00,0.00,6541.00,1324.00,60.00,0.00,0.00,0.00,-1818.00,644.00,611.00,0.00,6919.00,59.00,98.00,12298.00,223.00,0.00,9025.00
2022-07-07 11:00:00,482.00,0.00,0.00,6802.00,1317.00,59.00,0.00,0.00,0.00,-1382.00,623.00,634.00,0.00,6919.00,58.00,98.00,12668.00,217.00,0.00,8696.00
2022-07-07 12:00:00,468.00,0.00,0.00,6661.00,1285.00,58.00,0.00,0.00,0.00,-1141.00,647.00,622.00,0.00,6940.00,57.00,97.00,12826.00,209.00,0.00,8491.00
2022-07-07 13:00:00,491.00,0.00,0.00,6933.00,1317.00,56.00,0.00,0.00,0.00,-1454.00,655.00,489.00,0.00,6944.00,54.00,96.00,12746.00,211.00,0.00,8510.00
2022-07-07 14:00:00,464.00,0.00,0.00,6676.00,1320.00,56.00,0.00,0.00,0.00,-1307.00,644.00,409.00,0.00,6942.00,48.00,100.00,12296.00,210.00,0.00,8924.00
2022-07-07 15:00:00,479.00,0.00,0.00,6460.00,1317.00,57.00,0.00,0.00,0.00,-1524.00,611.00,445.00,0.00,6939.00,48.00,100.00,12048.00,213.00,0.00,9440.00
2022-07-07 16:00:00,468.00,0.00,0.00,6469.00,1316.00,56.00,0.00,0.00,0.00,-1233.00,575.00,574.00,0.00,6937.00,48.00,98.00,11119.00,213.00,0.00,9969.00
2022-07-07 17:00:00,457.00,0.00,0.00,6690.00,1320.00,59.00,0.00,0.00,0.00,-745.00,576.00,786.00,0.00,6936.00,49.00,99.00,9200.00,216.00,0.00,10465.00
2022-07-07 18:00:00,485.00,0.00,0.00,7653.00,1317.00,71.00,0.00,0.00,0.00,-177.00,627.00,1495.00,0.00,6937.00,48.00,103.00,5392.00,217.00,0.00,10995.00
2022-07-07 19:00:00,501.00,0.00,0.00,8226.00,1318.00,72.00,0.00,0.00,0.00,-52.00,710.00,2253.00,0.00,6941.00,48.00,106.00,1700.00,224.00,0.00,11345.00
2022-07-07 20:00:00,509.00,0.00,0.00,8240.00,1320.00,72.00,0.00,0.00,0.00,-52.00,742.00,2445.00,0.00,6942.00,48.00,103.00,678.00,226.00,0.00,11682.00
2022-07-07 21:00:00,496.00,0.00,0.00,7724.00,1323.00,72.00,0.00,0.00,0.00,-52.00,723.00,1632.00,0.00,6944.00,48.00,104.00,646.00,232.00,0.00,11514.00
2022-07-07 22:00:00,484.00,0.00,0.00,7340.00,1321.00,66.00,0.00,0.00,0.00,-9.00,653.00,1282.00,0.00,6948.00,48.00,102.00,651.00,232.00,0.00,11012.00
2022-07-07 23:00:00,485.00,0.00,0.00,6853.00,1324.00,61.00,0.00,0.00,0.00,-78.00,592.00,858.00,0.00,6946.00,48.00,100.00,649.00,238.00,0.00,10941.00
2022-07-08 00:00:00,484.00,0.00,0.00,6303.00,1321.00,57.00,0.00,0.00,0.00,-746.00,549.00,797.00,0.00,6950.00,48.00,97.00,650.00,234.00,0.00,10847.00
2022-07-08 01:00:00,475.00,0.00,0.00,6246.00,1323.00,56.00,0.00,0.00,0.00,-976.00,521.00,769.00,0.00,6954.00,48.00,96.00,643.00,229.00,0.00,10633.00
2022-07-08 02:00:00,470.00,0.00,0.00,6329.00,1324.00,56.00,0.00,0.00,0.00,-954.00,507.00,738.00,0.00,6955.00,48.00,96.00,636.00,232.00,0.00,10413.00
2022-07-08 03:00:00,453.00,0.00,0.00,6468.00,1324.00,56.00,0.00,0.00,0.00,-996.00,511.00,642.00,0.00,6956.00,48.00,96.00,639.00,233.00,0.00,10303.00
2022-07-08 04:00:00,461.00,0.00,0.00,6659.00,1322.00,56.00,0.00,0.00,0.00,-804.00,531.00,816.00,0.00,6963.00,48.00,97.00,503.00,231.00,0.00,9981.00
2022-07-08 05:00:00,466.00,0.00,0.00,7359.00,1320.00,59.00,0.00,0.00,0.00,-385.00,562.00,994.00,0.00,6969.00,53.00,96.00,664.00,232.00,0.00,9468.00
2022-07-08 06:00:00,454.00,0.00,0.00,7454.00,1321.00,62.00,0.00,0.00,0.00,-326.00,599.00,1056.00,0.00,6971.00,62.00,100.00,3631.00,232.00,0.00,8329.00
2022-07-08 07:00:00,468.00,0.00,0.00,7195.00,1306.00,64.00,0.00,0.00,0.00,-580.00,603.00,1136.00,0.00,6973.00,60.00,96.00,8460.00,232.00,0.00,7383.00
2022-07-08 08:00:00,466.00,0.00,0.00,7466.00,1214.00,64.00,0.00,0.00,0.00,-423.00,622.00,1077.00,0.00,6972.00,61.00,95.00,10901.00,230.00,0.00,6789.00
2022-07-08 09:00:00,467.00,0.00,0.00,7907.00,1207.00,69.00,0.00,0.00,0.00,-247.00,627.00,1099.00,0.00,6969.00,72.00,95.00,11514.00,229.00,0.00,6331.00
2022-07-08 10:00:00,468.00,0.00,0.00,8055.00,1209.00,75.00,0.00,0.00,0.00,-34.00,649.00,1099.00,0.00,6965.00,69.00,97.00,11923.00,230.00,0.00,5872.00
2022-07-08 11:00:00,471.00,0.00,0.00,8259.00,1207.00,76.00,0.00,0.00,0.00,0.00,687.00,1408.00,0.00,6956.00,64.00,101.00,12106.00,228.00,0.00,5418.00
2022-07-08 12:00:00,440.00,0.00,0.00,8204.00,1209.00,76.00,0.00,0.00,0.00,0.00,654.00,1505.00,0.00,6947.00,57.00,100.00,12268.00,227.00,0.00,5181.00
2022-07-08 13:00:00,432.00,0.00,0.00,8389.00,1210.00,70.00,0.00,0.00,0.00,0.00,634.00,1166.00,0.00,6937.00,51.00,100.00,12246.00,229.00,0.00,5095.00
2022-07-08 14:00:00,439.00,0.00,0.00,8625.00,1205.00,66.00,0.00,0.00,0.00,0.00,595.00,1051.00,0.00,6932.00,51.00,101.00,12093.00,224.00,0.00,5291.00
2022-07-08 15:00:00,444.00,0.00,0.00,8808.00,1208.00,68.00,0.00,0.00,0.00,-234.00,576.00,865.00,0.00,6926.00,50.00,99.00,11981.00,223.00,0.00,5823.00
2022-07-08 16:00:00,433.00,0.00,0.00,9074.00,1210.00,68.00,0.00,0.00,0.00,-348.00,575.00,904.00,0.00,6924.00,52.00,99.00,11355.00,222.00,0.00,6561.00
2022-07-08 17:00:00,446.00,0.00,0.00,8961.00,1212.00,69.00,0.00,0.00,0.00,-205.00,577.00,915.00,0.00,6924.00,55.00,97.00,9608.00,226.00,0.00,7671.00
2022-07-08 18:00:00,483.00,0.00,0.00,9077.00,1210.00,84.00,0.00,0.00,0.00,0.00,653.00,1621.00,0.00,6926.00,56.00,99.00,5751.00,226.00,0.00,8642.00
2022-07-08 19:00:00,497.00,0.00,0.00,9668.00,1209.00,88.00,0.00,0.00,0.00,0.00,723.00,2273.00,0.00,6930.00,56.00,98.00,1765.00,226.00,0.00,9346.00
2022-07-08 20:00:00,503.00,0.00,0.00,9030.00,1211.00,88.00,0.00,0.00,0.00,0.00,738.00,2130.00,0.00,6937.00,53.00,94.00,734.00,230.00,0.00,10352.00
2022-07-08 21:00:00,502.00,0.00,0.00,8710.00,1191.00,89.00,0.00,0.00,0.00,0.00,717.00,1663.00,0.00,6946.00,55.00,100.00,653.00,228.00,0.00,10793.00
2022-07-08 22:00:00,500.00,0.00,0.00,9260.00,1159.00,73.00,0.00,0.00,0.00,0.00,671.00,1303.00,0.00,6951.00,52.00,96.00,649.00,226.00,0.00,10381.00
2022-07-08 23:00:00,500.00,0.00,0.00,8892.00,1165.00,68.00,0.00,0.00,0.00,0.00,613.00,1278.00,0.00,6947.00,52.00,96.00,651.00,229.00,0.00,9621.00
2022-07-09 00:00:00,467.00,0.00,0.00,8410.00,1204.00,68.00,0.00,0.00,0.00,0.00,586.00,1179.00,0.00,6946.00,52.00,94.00,655.00,229.00,0.00,8757.00
2022-07-09 01:00:00,469.00,0.00,0.00,8570.00,1227.00,68.00,0.00,0.00,0.00,0.00,583.00,849.00,0.00,6952.00,55.00,94.00,643.00,230.00,0.00,7726.00
2022-07-09 02:00:00,494.00,0.00,0.00,8562.00,1275.00,68.00,0.00,0.00,0.00,-61.00,572.00,807.00,0.00,6956.00,53.00,96.00,646.00,232.00,0.00,6640.00
2022-07-09 03:00:00,486.00,0.00,0.00,8223.00,1312.00,65.00,0.00,0.00,0.00,0.00,567.00,1030.00,0.00,6950.00,54.00,96.00,637.00,230.00,0.00,5907.00
2022-07-09 04:00:00,497.00,0.00,0.00,8292.00,1230.00,64.00,0.00,0.00,0.00,0.00,563.00,935.00,0.00,6956.00,56.00,96.00,473.00,228.00,0.00,5398.00
2022-07-09 05:00:00,490.00,0.00,0.00,8141.00,1238.00,55.00,0.00,0.00,0.00,0.00,571.00,873.00,0.00,6956.00,56.00,95.00,737.00,232.00,0.00,5025.00
2022-07-09 06:00:00,476.00,0.00,0.00,7364.00,1180.00,52.00,0.00,0.00,0.00,-91.00,571.00,618.00,0.00,6952.00,52.00,97.00,3733.00,231.00,0.00,4429.00
2022-07-09 07:00:00,489.00,0.00,0.00,7365.00,1020.00,52.00,0.00,0.00,0.00,-1426.00,578.00,427.00,0.00,6949.00,49.00,99.00,8370.00,226.00,0.00,3841.00
2022-07-09 08:00:00,470.00,0.00,0.00,7363.00,1029.00,52.00,0.00,0.00,0.00,-1792.00,582.00,446.00,0.00,6947.00,52.00,99.00,10994.00,226.00,0.00,3769.00
2022-07-09 09:00:00,459.00,0.00,0.00,7617.00,1031.00,52.00,0.00,0.00,0.00,-1406.00,566.00,456.00,0.00,6941.00,52.00,96.00,11783.00,228.00,0.00,3582.00
2022-07-09 10:00:00,480.00,0.00,0.00,7927.00,1030.00,50.00,0.00,0.00,0.00,-1114.00,563.00,437.00,0.00,6936.00,51.00,95.00,12226.00,225.00,0.00,3376.00
2022-07-09 11:00:00,491.00,0.00,0.00,8206.00,1023.00,50.00,0.00,0.00,0.00,-918.00,566.00,596.00,0.00,6930.00,53.00,98.00,12481.00,228.00,0.00,3307.00
2022-07-09 12:00:00,496.00,0.00,0.00,8380.00,1024.00,52.00,0.00,0.00,0.00,-908.00,560.00,621.00,0.00,6912.00,55.00,96.00,12530.00,230.00,0.00,3261.00
2022-07-09 13:00:00,489.00,0.00,0.00,8336.00,1024.00,52.00,0.00,0.00,0.00,-666.00,536.00,625.00,0.00,6904.00,55.00,95.00,12342.00,228.00,0.00,3162.00
2022-07-09 14:00:00,470.00,0.00,0.00,8139.00,1024.00,52.00,0.00,0.00,0.00,-516.00,521.00,968.00,0.00,6902.00,52.00,95.00,12004.00,226.00,0.00,3231.00
2022-07-09 15:00:00,472.00,0.00,0.00,8121.00,1023.00,51.00,0.00,0.00,0.00,-514.00,504.00,989.00,0.00,6898.00,55.00,91.00,11548.00,228.00,0.00,3654.00
2022-07-09 16:00:00,470.00,0.00,0.00,8215.00,1025.00,50.00,0.00,0.00,0.00,-513.00,494.00,904.00,0.00,6900.00,56.00,92.00,10851.00,225.00,0.00,4225.00
2022-07-09 17:00:00,461.00,0.00,0.00,8578.00,1024.00,52.00,0.00,0.00,0.00,-293.00,501.00,1145.00,0.00,6906.00,56.00,90.00,9443.00,226.00,0.00,4931.00
2022-07-09 18:00:00,483.00,0.00,0.00,9884.00,1023.00,52.00,0.00,0.00,0.00,-118.00,548.00,1725.00,0.00,6910.00,56.00,91.00,5600.00,224.00,0.00,5780.00
2022-07-09 19:00:00,511.00,0.00,0.00,10690.00,1023.00,52.00,0.00,0.00,0.00,-7.00,631.00,2319.00,0.00,6914.00,55.00,94.00,1658.00,233.00,0.00,6712.00
2022-07-09 20:00:00,517.00,0.00,0.00,10581.00,983.00,52.00,0.00,0.00,0.00,0.00,678.00,2500.00,0.00,6925.00,52.00,95.00,703.00,233.00,0.00,7739.00
2022-07-09 21:00:00,519.00,0.00,0.00,10560.00,944.00,52.00,0.00,0.00,0.00,0.00,665.00,1784.00,0.00,6928.00,52.00,95.00,658.00,233.00,0.00,8325.00
2022-07-09 22:00:00,510.00,0.00,0.00,10242.00,941.00,52.00,0.00,0.00,0.00,-487.00,628.00,843.00,0.00,6927.00,53.00,94.00,649.00,234.00,0.00,8502.00
2022-07-09 23:00:00,503.00,0.00,0.00,9951.00,948.00,52.00,0.00,0.00,0.00,-1045.00,584.00,511.00,0.00,6936.00,52.00,95.00,647.00,234.00,0.00,8097.00
2022-07-10 00:00:00,508.00,0.00,0.00,9889.00,945.00,52.00,0.00,0.00,0.00,-1383.00,552.00,510.00,0.00,6936.00,52.00,94.00,651.00,236.00,0.00,7208.00
2022-07-10 01:00:00,501.00,0.00,0.00,9897.00,952.00,52.00,0.00,0.00,0.00,-1319.00,529.00,477.00,0.00,6942.00,52.00,92.00,651.00,240.00,0.00,6204.00
2022-07-10 02:00:00,462.00,0.00,0.00,9873.00,952.00,52.00,0.00,0.00,0.00,-1106.00,518.00,456.00,0.00,6942.00,52.00,92.00,650.00,243.00,0.00,5215.00
2022-07-10 03:00:00,468.00,0.00,0.00,10045.00,952.00,52.00,0.00,0.00,0.00,-819.00,509.00,513.00,0.00,6941.00,52.00,92.00,647.00,245.00,0.00,4405.00
2022-07-10 04:00:00,501.00,0.00,0.00,10374.00,951.00,52.00,0.00,0.00,0.00,-681.00,511.00,604.00,0.00,6944.00,53.00,90.00,517.00,244.00,0.00,3734.00
2022-07-10 05:00:00,499.00,0.00,0.00,10174.00,952.00,52.00,0.00,0.00,0.00,-783.00,532.00,650.00,0.00,6948.00,54.00,86.00,703.00,245.00,0.00,3450.00
2022-07-10 06:00:00,517.00,0.00,0.00,10041.00,950.00,50.00,0.00,0.00,0.00,-1414.00,548.00,509.00,0.00,6950.00,54.00,92.00,3440.00,244.00,0.00,3007.00
2022-07-10 07:00:00,524.00,0.00,0.00,9542.00,951.00,48.00,0.00,0.00,0.00,-1959.00,547.00,452.00,0.00,6952.00,56.00,95.00,7749.00,238.00,0.00,2267.00
2022-07-10 08:00:00,527.00,0.00,0.00,9457.00,955.00,48.00,0.00,0.00,0.00,-2226.00,532.00,520.00,0.00,6948.00,56.00,93.00,10723.00,236.00,0.00,1882.00
2022-07-10 09:00:00,518.00,0.00,0.00,10045.00,953.00,48.00,0.00,0.00,0.00,-2115.00,515.00,569.00,0.00,6938.00,56.00,92.00,11208.00,236.00,0.00,1662.00
2022-07-10 10:00:00,514.00,0.00,0.00,9956.00,957.00,48.00,0.00,0.00,0.00,-1853.00,495.00,442.00,0.00,6929.00,54.00,91.00,11664.00,235.00,0.00,1813.00
2022-07-10 11:00:00,501.00,0.00,0.00,10005.00,942.00,47.00,0.00,0.00,0.00,-1575.00,491.00,397.00,0.00,6921.00,54.00,91.00,11786.00,233.00,0.00,2064.00
2022-07-10 12:00:00,503.00,0.00,0.00,9919.00,946.00,44.00,0.00,0.00,0.00,-1307.00,492.00,493.00,0.00,6918.00,54.00,92.00,11791.00,230.00,0.00,2318.00
2022-07-10 13:00:00,505.00,0.00,0.00,9979.00,948.00,44.00,0.00,0.00,0.00,-1534.00,494.00,469.00,0.00,6914.00,52.00,90.00,11649.00,228.00,0.00,2608.00
2022-07-10 14:00:00,489.00,0.00,0.00,9609.00,944.00,44.00,0.00,0.00,0.00,-1492.00,494.00,423.00,0.00,6911.00,52.00,85.00,11398.00,225.00,0.00,2950.00
2022-07-10 15:00:00,492.00,0.00,0.00,9860.00,944.00,44.00,0.00,0.00,0.00,-1661.00,487.00,454.00,0.00,6908.00,52.00,84.00,10924.00,227.00,0.00,3221.00
2022-07-10 16:00:00,476.00,0.00,0.00,9981.00,940.00,44.00,0.00,0.00,0.00,-1389.00,489.00,507.00,0.00,6910.00,54.00,84.00,10210.00,223.00,0.00,3656.00
2022-07-10 17:00:00,480.00,0.00,0.00,10295.00,940.00,44.00,0.00,0.00,0.00,-795.00,500.00,741.00,0.00,6913.00,56.00,85.00,8749.00,227.00,0.00,4090.00
2022-07-10 18:00:00,494.00,0.00,0.00,11318.00,944.00,48.00,0.00,0.00,0.00,-204.00,540.00,1341.00,0.00,6917.00,56.00,87.00,5090.00,225.00,0.00,4748.00
2022-07-10 19:00:00,507.00,0.00,0.00,12735.00,958.00,50.00,0.00,0.00,0.00,0.00,609.00,1895.00,0.00,6923.00,56.00,91.00,1575.00,230.00,0.00,5132.00
2022-07-10 20:00:00,503.00,0.00,0.00,13180.00,1002.00,52.00,0.00,0.00,0.00,0.00,676.00,2354.00,0.00,6929.00,56.00,91.00,754.00,239.00,0.00,5470.00
2022-07-10 21:00:00,507.00,0.00,0.00,12691.00,1118.00,51.00,0.00,0.00,0.00,0.00,672.00,2391.00,0.00,6934.00,54.00,92.00,689.00,251.00,0.00,5882.00
2022-07-10 22:00:00,523.00,0.00,0.00,11398.00,1221.00,59.00,0.00,0.00,0.00,-53.00,607.00,1588.00,0.00,6933.00,53.00,91.00,682.00,252.00,0.00,6322.00
2022-07-10 23:00:00,519.00,0.00,0.00,11262.00,1227.00,60.00,0.00,0.00,0.00,-195.00,572.00,906.00,0.00,6931.00,52.00,89.00,669.00,250.00,0.00,6205.00
2022-07-11 00:00:00,525.00,0.00,0.00,11297.00,1244.00,60.00,0.00,0.00,0.00,-682.00,540.00,599.00,0.00,6932.00,52.00,86.00,670.00,255.00,0.00,5840.00
2022-07-11 01:00:00,522.00,0.00,0.00,11434.00,1282.00,60.00,0.00,0.00,0.00,-910.00,520.00,605.00,0.00,6932.00,53.00,85.00,615.00,256.00,0.00,5105.00
2022-07-11 02:00:00,512.00,0.00,0.00,11417.00,1246.00,60.00,0.00,0.00,0.00,-730.00,513.00,523.00,0.00,6936.00,53.00,85.00,601.00,257.00,0.00,4512.00
2022-07-11 03:00:00,511.00,0.00,0.00,11681.00,1153.00,62.00,0.00,0.00,0.00,-313.00,510.00,731.00,0.00,6936.00,52.00,85.00,539.00,260.00,0.00,3949.00
2022-07-11 04:00:00,527.00,0.00,0.00,12352.00,1153.00,65.00,0.00,0.00,0.00,-240.00,534.00,1157.00,0.00,6942.00,55.00,87.00,374.00,261.00,0.00,3433.00
2022-07-11 05:00:00,525.00,0.00,0.00,13111.00,1152.00,86.00,0.00,0.00,0.00,-16.00,589.00,1477.00,0.00,6944.00,59.00,88.00,530.00,264.00,0.00,3264.00
2022-07-11 06:00:00,530.00,0.00,0.00,13573.00,1193.00,92.00,0.00,0.00,0.00,-49.00,616.00,1416.00,0.00,6948.00,66.00,92.00,3032.00,263.00,0.00,2770.00
2022-07-11 07:00:00,544.00,0.00,0.00,14182.00,1233.00,97.00,0.00,0.00,0.00,-206.00,643.00,1243.00,0.00,6944.00,65.00,90.00,7057.00,262.00,0.00,2054.00
2022-07-11 08:00:00,526.00,0.00,0.00,13830.00,1268.00,84.00,0.00,0.00,0.00,-112.00,649.00,900.00,0.00,6936.00,66.00,88.00,10183.00,259.00,0.00,2039.00
2022-07-11 09:00:00,518.00,0.00,0.00,13638.00,1266.00,77.00,0.00,0.00,0.00,-59.00,643.00,743.00,0.00,6928.00,71.00,89.00,11469.00,259.00,0.00,2336.00
2022-07-11 10:00:00,515.00,0.00,0.00,13789.00,1268.00,76.00,0.00,0.00,0.00,-55.00,624.00,815.00,0.00,6919.00,65.00,91.00,11957.00,256.00,0.00,2667.00
2022-07-11 11:00:00,513.00,0.00,0.00,13709.00,1261.00,79.00,0.00,0.00,0.00,-36.00,624.00,1057.00,0.00,6914.00,69.00,91.00,12049.00,249.00,0.00,3066.00
2022-07-11 12:00:00,510.00,0.00,0.00,13572.00,1252.00,80.00,0.00,0.00,0.00,-36.00,611.00,943.00,0.00,6910.00,67.00,93.00,12040.00,241.00,0.00,3455.00
2022-07-11 13:00:00,506.00,0.00,0.00,13455.00,1241.00,80.00,0.00,0.00,0.00,-80.00,574.00,706.00,0.00,6905.00,56.00,93.00,11873.00,227.00,0.00,3886.00
2022-07-11 14:00:00,497.00,0.00,0.00,13893.00,1242.00,80.00,0.00,0.00,0.00,-197.00,559.00,560.00,0.00,6904.00,61.00,88.00,11244.00,228.00,0.00,4275.00
2022-07-11 15:00:00,495.00,0.00,0.00,14234.00,1243.00,80.00,0.00,0.00,0.00,0.00,574.00,744.00,0.00,6898.00,60.00,85.00,10407.00,227.00,0.00,4543.00
2022-07-11 16:00:00,496.00,0.00,0.00,13777.00,1244.00,80.00,0.00,0.00,0.00,-60.00,569.00,827.00,0.00,6903.00,48.00,89.00,9389.00,230.00,0.00,4893.00
2022-07-11 17:00:00,502.00,0.00,0.00,14128.00,1244.00,81.00,0.00,0.00,0.00,-29.00,588.00,924.00,0.00,6912.00,58.00,92.00,7472.00,231.00,0.00,5498.00
2022-07-11 18:00:00,506.00,0.00,0.00,14482.00,1244.00,108.00,0.00,0.00,0.00,0.00,651.00,1530.00,0.00,6917.00,58.00,94.00,4090.00,226.00,0.00,6274.00
2022-07-11 19:00:00,514.00,0.00,0.00,14616.00,1265.00,116.00,0.00,0.00,0.00,-86.00,736.00,1983.00,0.00,6919.00,56.00,99.00,1260.00,229.00,0.00,6844.00
2022-07-11 20:00:00,482.00,0.00,0.00,14725.00,1268.00,114.00,0.00,0.00,0.00,-46.00,758.00,2026.00,0.00,6924.00,56.00,97.00,656.00,231.00,0.00,7186.00
2022-07-11 21:00:00,481.00,0.00,0.00,13922.00,1271.00,116.00,0.00,0.00,0.00,0.00,733.00,1603.00,0.00,6928.00,57.00,94.00,609.00,240.00,0.00,7267.00
2022-07-11 22:00:00,513.00,0.00,0.00,13262.00,1192.00,111.00,0.00,0.00,0.00,0.00,658.00,1584.00,0.00,6928.00,56.00,92.00,603.00,236.00,0.00,7103.00
2022-07-11 23:00:00,509.00,0.00,0.00,12830.00,931.00,80.00,0.00,0.00,0.00,-176.00,592.00,890.00,0.00,6933.00,56.00,88.00,502.00,236.00,0.00,6910.00
2022-07-12 00:00:00,500.00,0.00,0.00,12829.00,845.00,68.00,0.00,0.00,0.00,-838.00,550.00,444.00,0.00,6932.00,56.00,88.00,480.00,238.00,0.00,6520.00
2022-07-12 01:00:00,489.00,0.00,0.00,12868.00,848.00,62.00,0.00,0.00,0.00,-1334.00,535.00,333.00,0.00,6929.00,56.00,87.00,479.00,233.00,0.00,6380.00
2022-07-12 02:00:00,485.00,0.00,0.00,12901.00,850.00,60.00,0.00,0.00,0.00,-1390.00,550.00,328.00,0.00,6935.00,56.00,92.00,424.00,228.00,0.00,6067.00
