,Biomass,Fossil Gas,Fossil Hard coal,Fossil Oil,Fossil Peat,Hydro Run-of-river and poundage,Nuclear,Other,Other renewable,Waste,Wind Onshore
2022-06-28 04:00:00,633.00,139.00,0.00,0.00,294.00,1245.00,2707.00,20.00,2.00,27.00,966.00
2022-06-28 05:00:00,638.00,131.00,0.00,0.00,325.00,1788.00,2708.00,20.00,2.00,27.00,872.00
2022-06-28 06:00:00,629.00,156.00,0.00,23.00,348.00,2173.00,2705.00,17.00,2.00,27.00,817.00
2022-06-28 07:00:00,635.00,160.00,0.00,42.00,333.00,2286.00,2704.00,25.00,2.00,27.00,745.00
2022-06-28 08:00:00,640.00,144.00,0.00,4.00,326.00,2267.00,2704.00,18.00,2.00,27.00,654.00
2022-06-28 09:00:00,635.00,142.00,0.00,2.00,321.00,2031.00,2704.00,16.00,2.00,27.00,646.00
2022-06-28 10:00:00,631.00,153.00,0.00,2.00,318.00,2052.00,2701.00,15.00,2.00,27.00,668.00
2022-06-28 11:00:00,631.00,153.00,0.00,2.00,317.00,2004.00,2703.00,15.00,2.00,27.00,703.00
2022-06-28 12:00:00,631.00,130.00,0.00,2.00,316.00,1974.00,2704.00,15.00,2.00,27.00,823.00
2022-06-28 13:00:00,644.00,123.00,0.00,2.00,318.00,1923.00,2701.00,15.00,2.00,27.00,877.00
2022-06-28 14:00:00,647.00,120.00,0.00,2.00,319.00,1995.00,2700.00,15.00,2.00,27.00,862.00
2022-06-28 15:00:00,647.00,118.00,0.00,2.00,327.00,2087.00,2702.00,15.00,2.00,27.00,1008.00
2022-06-28 16:00:00,647.00,121.00,0.00,2.00,333.00,2114.00,2705.00,16.00,2.00,27.00,1195.00
2022-06-28 17:00:00,647.00,146.00,0.00,2.00,352.00,1988.00,2707.00,18.00,2.00,27.00,1152.00
2022-06-28 18:00:00,650.00,160.00,0.00,2.00,347.00,1716.00,2704.00,18.00,2.00,27.00,1287.00
2022-06-28 19:00:00,650.00,158.00,0.00,2.00,321.00,1543.00,2704.00,20.00,2.00,27.00,1603.00
2022-06-28 20:00:00,617.00,166.00,0.00,2.00,279.00,1146.00,2704.00,21.00,2.00,27.00,2052.00
2022-06-28 21:00:00,609.00,167.00,0.00,2.00,201.00,746.00,2702.00,22.00,2.00,27.00,2338.00
2022-06-28 22:00:00,612.00,178.00,0.00,2.00,189.00,707.00,2695.00,24.00,2.00,27.00,2560.00
2022-06-28 23:00:00,606.00,187.00,0.00,2.00,188.00,615.00,2691.00,24.00,2.00,27.00,2547.00
2022-06-29 00:00:00,606.00,165.00,0.00,2.00,187.00,680.00,2691.00,29.00,2.00,27.00,2505.00
2022-06-29 01:00:00,604.00,173.00,0.00,2.00,186.00,660.00,2690.00,29.00,2.00,27.00,2353.00
2022-06-29 02:00:00,607.00,159.00,0.00,2.00,187.00,794.00,2690.00,26.00,2.00,27.00,2023.00
2022-06-29 03:00:00,610.00,140.00,0.00,2.00,209.00,1124.00,2689.00,23.00,2.00,27.00,1521.00
2022-06-29 04:00:00,616.00,129.00,0.00,2.00,303.00,1387.00,2688.00,23.00,2.00,27.00,893.00
2022-06-29 05:00:00,623.00,117.00,0.00,2.00,356.00,1961.00,2687.00,22.00,2.00,27.00,580.00
2022-06-29 06:00:00,618.00,131.00,0.00,20.00,358.00,2139.00,2687.00,20.00,2.00,27.00,423.00
2022-06-29 07:00:00,620.00,122.00,0.00,66.00,378.00,2199.00,2686.00,26.00,2.00,27.00,397.00
2022-06-29 08:00:00,619.00,129.00,0.00,20.00,390.00,2244.00,2686.00,38.00,2.00,27.00,422.00
2022-06-29 09:00:00,618.00,128.00,0.00,20.00,389.00,2221.00,2688.00,35.00,2.00,27.00,436.00
2022-06-29 10:00:00,612.00,124.00,0.00,14.00,387.00,2241.00,2687.00,29.00,2.00,27.00,457.00
2022-06-29 11:00:00,602.00,121.00,0.00,0.00,383.00,2263.00,2686.00,15.00,2.00,27.00,438.00
2022-06-29 12:00:00,607.00,121.00,0.00,0.00,385.00,2215.00,2691.00,15.00,2.00,27.00,429.00
2022-06-29 13:00:00,604.00,122.00,0.00,0.00,385.00,2232.00,2688.00,15.00,2.00,27.00,455.00
2022-06-29 14:00:00,608.00,127.00,0.00,0.00,385.00,2319.00,2690.00,15.00,2.00,27.00,408.00
2022-06-29 15:00:00,608.00,123.00,0.00,0.00,389.00,2347.00,2692.00,15.00,2.00,27.00,272.00
2022-06-29 16:00:00,611.00,125.00,0.00,0.00,388.00,2342.00,2689.00,17.00,2.00,27.00,214.00
2022-06-29 17:00:00,612.00,124.00,0.00,0.00,388.00,2284.00,2688.00,18.00,2.00,27.00,217.00
2022-06-29 18:00:00,611.00,124.00,0.00,0.00,386.00,2175.00,2688.00,18.00,2.00,27.00,296.00
2022-06-29 19:00:00,610.00,123.00,0.00,0.00,383.00,1974.00,2688.00,21.00,2.00,27.00,504.00
2022-06-29 20:00:00,605.00,123.00,0.00,0.00,367.00,1605.00,2688.00,23.00,2.00,27.00,722.00
2022-06-29 21:00:00,603.00,130.00,0.00,0.00,362.00,1088.00,2689.00,25.00,2.00,27.00,852.00
2022-06-29 22:00:00,601.00,128.00,0.00,0.00,354.00,886.00,2689.00,30.00,2.00,27.00,967.00
2022-06-29 23:00:00,601.00,128.00,0.00,0.00,292.00,697.00,2690.00,32.00,2.00,27.00,1213.00
2022-06-30 00:00:00,593.00,125.00,0.00,0.00,217.00,614.00,2691.00,33.00,2.00,27.00,1374.00
2022-06-30 01:00:00,589.00,128.00,0.00,0.00,190.00,618.00,2691.00,33.00,2.00,27.00,1231.00
2022-06-30 02:00:00,584.00,152.00,0.00,0.00,222.00,714.00,2693.00,27.00,2.00,27.00,1005.00
2022-06-30 03:00:00,551.00,161.00,0.00,0.00,326.00,1044.00,2691.00,23.00,2.00,27.00,702.00
2022-06-30 04:00:00,545.00,169.00,0.00,0.00,384.00,1524.00,2690.00,20.00,2.00,27.00,403.00
2022-06-30 05:00:00,552.00,139.00,0.00,0.00,397.00,1901.00,2692.00,20.00,2.00,27.00,135.00
2022-06-30 06:00:00,558.00,133.00,0.00,48.00,397.00,2081.00,2692.00,17.00,2.00,27.00,81.00
2022-06-30 07:00:00,550.00,124.00,0.00,2.00,398.00,2168.00,2691.00,17.00,2.00,27.00,90.00
2022-06-30 08:00:00,549.00,115.00,0.00,2.00,395.00,2080.00,2690.00,16.00,2.00,27.00,115.00
2022-06-30 09:00:00,550.00,118.00,0.00,2.00,394.00,1974.00,2688.00,14.00,2.00,27.00,146.00
2022-06-30 10:00:00,543.00,123.00,0.00,2.00,390.00,1957.00,2688.00,14.00,2.00,27.00,102.00
2022-06-30 11:00:00,544.00,132.00,0.00,2.00,384.00,1890.00,2687.00,14.00,2.00,27.00,87.00
2022-06-30 12:00:00,537.00,150.00,0.00,2.00,376.00,1959.00,2684.00,14.00,2.00,27.00,87.00
2022-06-30 13:00:00,537.00,142.00,0.00,2.00,382.00,1998.00,2684.00,14.00,2.00,27.00,91.00
2022-06-30 14:00:00,536.00,144.00,0.00,2.00,371.00,2160.00,2686.00,14.00,2.00,27.00,89.00
2022-06-30 15:00:00,539.00,143.00,0.00,2.00,388.00,2185.00,2687.00,14.00,2.00,27.00,90.00
2022-06-30 16:00:00,540.00,140.00,0.00,2.00,391.00,2293.00,2687.00,14.00,2.00,27.00,103.00
2022-06-30 17:00:00,544.00,149.00,0.00,2.00,394.00,2215.00,2689.00,14.00,2.00,27.00,151.00
2022-06-30 18:00:00,542.00,164.00,0.00,2.00,392.00,2093.00,2689.00,16.00,2.00,27.00,243.00
2022-06-30 19:00:00,549.00,160.00,0.00,2.00,386.00,1961.00,2689.00,19.00,2.00,27.00,368.00
2022-06-30 20:00:00,551.00,167.00,0.00,2.00,366.00,1647.00,2687.00,22.00,2.00,27.00,489.00
2022-06-30 21:00:00,547.00,179.00,0.00,2.00,332.00,1086.00,2688.00,23.00,2.00,27.00,559.00
2022-06-30 22:00:00,542.00,178.00,0.00,2.00,247.00,896.00,2686.00,26.00,2.00,27.00,632.00
2022-06-30 23:00:00,540.00,178.00,0.00,2.00,199.00,651.00,2685.00,30.00,2.00,27.00,712.00
2022-07-01 00:00:00,542.00,177.00,0.00,2.00,194.00,576.00,2683.00,31.00,2.00,27.00,699.00
2022-07-01 01:00:00,546.00,181.00,0.00,2.00,194.00,584.00,2683.00,32.00,2.00,27.00,673.00
2022-07-01 02:00:00,546.00,167.00,0.00,2.00,221.00,630.00,2682.00,26.00,2.00,27.00,636.00
2022-07-01 03:00:00,545.00,168.00,0.00,2.00,317.00,1143.00,2682.00,22.00,2.00,27.00,566.00
2022-07-01 04:00:00,546.00,175.00,0.00,2.00,371.00,1390.00,2682.00,20.00,2.00,27.00,354.00
2022-07-01 05:00:00,547.00,172.00,0.00,3.00,383.00,1762.00,2682.00,20.00,2.00,27.00,181.00
2022-07-01 06:00:00,551.00,171.00,0.00,10.00,386.00,2087.00,2682.00,25.00,2.00,27.00,118.00
2022-07-01 07:00:00,585.00,162.00,0.00,14.00,388.00,2140.00,2682.00,28.00,2.00,27.00,133.00
2022-07-01 08:00:00,606.00,141.00,0.00,20.00,386.00,2198.00,2681.00,34.00,2.00,27.00,155.00
2022-07-01 09:00:00,612.00,135.00,0.00,10.00,386.00,2259.00,2681.00,24.00,2.00,27.00,204.00
2022-07-01 10:00:00,609.00,147.00,0.00,6.00,381.00,2135.00,2681.00,14.00,2.00,27.00,252.00
2022-07-01 11:00:00,607.00,187.00,0.00,1.00,381.00,1991.00,2680.00,14.00,2.00,27.00,333.00
2022-07-01 12:00:00,612.00,178.00,0.00,1.00,378.00,1928.00,2676.00,14.00,2.00,27.00,416.00
2022-07-01 13:00:00,614.00,169.00,0.00,1.00,360.00,1732.00,2676.00,14.00,2.00,27.00,439.00
2022-07-01 14:00:00,608.00,182.00,0.00,1.00,348.00,1796.00,2678.00,14.00,2.00,27.00,458.00
2022-07-01 15:00:00,608.00,194.00,0.00,1.00,350.00,1877.00,2679.00,14.00,2.00,27.00,455.00
2022-07-01 16:00:00,606.00,184.00,0.00,1.00,351.00,1990.00,2679.00,14.00,2.00,27.00,471.00
2022-07-01 17:00:00,607.00,179.00,0.00,1.00,351.00,1868.00,2677.00,14.00,2.00,27.00,513.00
2022-07-01 18:00:00,605.00,189.00,0.00,1.00,331.00,1603.00,2424.00,17.00,2.00,27.00,694.00
2022-07-01 19:00:00,611.00,187.00,0.00,1.00,311.00,1273.00,2398.00,17.00,2.00,27.00,1118.00
2022-07-01 20:00:00,605.00,184.00,0.00,1.00,311.00,941.00,2656.00,20.00,2.00,27.00,1521.00
2022-07-01 21:00:00,607.00,180.00,0.00,1.00,258.00,723.00,2681.00,20.00,2.00,27.00,1564.00
2022-07-01 22:00:00,606.00,177.00,0.00,1.00,175.00,591.00,2682.00,23.00,2.00,27.00,1423.00
2022-07-01 23:00:00,604.00,176.00,0.00,1.00,79.00,494.00,2684.00,23.00,2.00,27.00,1398.00
2022-07-02 00:00:00,606.00,184.00,0.00,1.00,74.00,486.00,2683.00,23.00,2.00,27.00,1521.00
2022-07-02 01:00:00,610.00,198.00,0.00,1.00,74.00,516.00,2683.00,23.00,2.00,27.00,1581.00
2022-07-02 02:00:00,609.00,182.00,0.00,1.00,74.00,493.00,2684.00,23.00,2.00,27.00,1577.00
2022-07-02 03:00:00,608.00,141.00,0.00,1.00,75.00,539.00,2685.00,23.00,2.00,27.00,1432.00
2022-07-02 04:00:00,604.00,147.00,0.00,1.00,78.00,607.00,2685.00,21.00,2.00,27.00,1128.00
2022-07-02 05:00:00,613.00,146.00,0.00,1.00,76.00,762.00,2685.00,20.00,2.00,27.00,892.00
2022-07-02 06:00:00,622.00,142.00,0.00,0.00,78.00,994.00,2688.00,18.00,2.00,27.00,730.00
2022-07-02 07:00:00,624.00,155.00,0.00,0.00,78.00,1071.00,2687.00,17.00,3.00,27.00,842.00
2022-07-02 08:00:00,622.00,142.00,0.00,0.00,80.00,1093.00,2682.00,14.00,3.00,27.00,953.00
2022-07-02 09:00:00,621.00,170.00,0.00,0.00,76.00,969.00,2680.00,14.00,3.00,27.00,1110.00
2022-07-02 10:00:00,617.00,162.00,0.00,0.00,74.00,886.00,2679.00,14.00,3.00,27.00,1285.00
2022-07-02 11:00:00,617.00,167.00,0.00,0.00,73.00,854.00,2678.00,14.00,3.00,27.00,1318.00
2022-07-02 12:00:00,616.00,164.00,0.00,0.00,75.00,879.00,2678.00,14.00,3.00,27.00,1249.00
2022-07-02 13:00:00,617.00,171.00,0.00,0.00,80.00,918.00,2678.00,14.00,3.00,27.00,1252.00
2022-07-02 14:00:00,618.00,174.00,0.00,0.00,80.00,1058.00,2678.00,14.00,3.00,27.00,1294.00
2022-07-02 15:00:00,616.00,163.00,0.00,0.00,77.00,1223.00,2678.00,14.00,3.00,27.00,1328.00
2022-07-02 16:00:00,611.00,158.00,0.00,0.00,71.00,1304.00,2677.00,15.00,3.00,27.00,1187.00
2022-07-02 17:00:00,612.00,174.00,0.00,0.00,68.00,1254.00,2676.00,17.00,3.00,27.00,1186.00
2022-07-02 18:00:00,610.00,169.00,0.00,0.00,68.00,1081.00,2676.00,17.00,3.00,27.00,1286.00
2022-07-02 19:00:00,610.00,168.00,0.00,0.00,66.00,1139.00,2677.00,20.00,3.00,27.00,1327.00
2022-07-02 20:00:00,614.00,184.00,0.00,0.00,71.00,1128.00,2679.00,20.00,3.00,27.00,1081.00
2022-07-02 21:00:00,608.00,167.00,0.00,0.00,74.00,869.00,2680.00,22.00,3.00,27.00,976.00
2022-07-02 22:00:00,605.00,184.00,0.00,0.00,74.00,731.00,2681.00,23.00,3.00,27.00,901.00
2022-07-02 23:00:00,598.00,196.00,0.00,0.00,70.00,676.00,2682.00,23.00,3.00,27.00,1075.00
2022-07-03 00:00:00,600.00,153.00,0.00,0.00,64.00,486.00,2682.00,23.00,3.00,27.00,1240.00
2022-07-03 01:00:00,595.00,130.00,0.00,0.00,66.00,460.00,2685.00,23.00,3.00,27.00,1192.00
2022-07-03 02:00:00,595.00,143.00,0.00,0.00,67.00,483.00,2685.00,23.00,3.00,27.00,1189.00
2022-07-03 03:00:00,593.00,169.00,0.00,0.00,68.00,533.00,2684.00,23.00,3.00,27.00,1051.00
2022-07-03 04:00:00,590.00,168.00,0.00,0.00,69.00,552.00,2684.00,23.00,3.00,27.00,695.00
2022-07-03 05:00:00,601.00,166.00,0.00,0.00,67.00,815.00,2685.00,23.00,3.00,27.00,572.00
2022-07-03 06:00:00,598.00,163.00,0.00,0.00,69.00,926.00,2685.00,21.00,3.00,27.00,632.00
2022-07-03 07:00:00,605.00,173.00,0.00,0.00,64.00,913.00,2684.00,19.00,3.00,27.00,846.00
2022-07-03 08:00:00,602.00,201.00,0.00,0.00,64.00,772.00,2685.00,18.00,3.00,27.00,900.00
2022-07-03 09:00:00,598.00,205.00,0.00,0.00,64.00,913.00,2686.00,16.00,3.00,27.00,941.00
2022-07-03 10:00:00,609.00,193.00,0.00,0.00,65.00,844.00,2686.00,16.00,3.00,27.00,962.00
2022-07-03 11:00:00,611.00,173.00,0.00,0.00,66.00,806.00,2686.00,16.00,3.00,27.00,992.00
2022-07-03 12:00:00,609.00,187.00,0.00,0.00,65.00,760.00,2683.00,16.00,3.00,27.00,951.00
2022-07-03 13:00:00,613.00,183.00,0.00,0.00,79.00,907.00,2679.00,16.00,3.00,27.00,931.00
2022-07-03 14:00:00,614.00,196.00,0.00,0.00,78.00,1047.00,2678.00,17.00,3.00,27.00,968.00
2022-07-03 15:00:00,610.00,188.00,0.00,0.00,73.00,1055.00,2677.00,19.00,3.00,27.00,988.00
2022-07-03 16:00:00,603.00,196.00,0.00,0.00,87.00,1265.00,2676.00,19.00,3.00,27.00,909.00
2022-07-03 17:00:00,598.00,220.00,0.00,0.00,97.00,1448.00,2676.00,19.00,3.00,27.00,785.00
2022-07-03 18:00:00,607.00,209.00,0.00,0.00,97.00,1284.00,2677.00,19.00,3.00,27.00,745.00
2022-07-03 19:00:00,606.00,184.00,0.00,0.00,90.00,1313.00,2679.00,22.00,3.00,27.00,906.00
2022-07-03 20:00:00,609.00,182.00,0.00,0.00,90.00,1110.00,2685.00,25.00,3.00,27.00,1117.00
2022-07-03 21:00:00,609.00,180.00,0.00,0.00,76.00,677.00,2686.00,31.00,3.00,27.00,1291.00
2022-07-03 22:00:00,606.00,188.00,0.00,0.00,74.00,497.00,2687.00,33.00,3.00,27.00,1519.00
2022-07-03 23:00:00,605.00,180.00,0.00,0.00,86.00,458.00,2688.00,33.00,3.00,27.00,1658.00
2022-07-04 00:00:00,603.00,179.00,0.00,0.00,154.00,450.00,2688.00,36.00,3.00,27.00,1619.00
2022-07-04 01:00:00,608.00,177.00,0.00,0.00,173.00,503.00,2690.00,36.00,3.00,27.00,1420.00
2022-07-04 02:00:00,604.00,183.00,0.00,0.00,176.00,639.00,2689.00,32.00,3.00,27.00,1064.00
2022-07-04 03:00:00,603.00,183.00,0.00,0.00,197.00,1190.00,2689.00,25.00,3.00,27.00,651.00
2022-07-04 04:00:00,606.00,187.00,0.00,0.00,248.00,1406.00,2691.00,23.00,3.00,27.00,354.00
2022-07-04 05:00:00,613.00,182.00,0.00,0.00,334.00,1745.00,2692.00,22.00,3.00,27.00,242.00
2022-07-04 06:00:00,612.00,175.00,0.00,0.00,364.00,1889.00,2696.00,20.00,3.00,27.00,272.00
2022-07-04 07:00:00,611.00,177.00,0.00,0.00,370.00,1823.00,2692.00,19.00,3.00,27.00,380.00
2022-07-04 08:00:00,608.00,183.00,0.00,0.00,376.00,1756.00,2691.00,18.00,3.00,27.00,365.00
2022-07-04 09:00:00,600.00,173.00,0.00,0.00,377.00,1676.00,2690.00,16.00,3.00,27.00,328.00
2022-07-04 10:00:00,601.00,168.00,0.00,0.00,375.00,1728.00,2690.00,16.00,2.00,27.00,313.00
2022-07-04 11:00:00,608.00,168.00,0.00,0.00,373.00,1632.00,2690.00,16.00,2.00,27.00,271.00
2022-07-04 12:00:00,623.00,163.00,0.00,0.00,366.00,1486.00,2688.00,16.00,2.00,27.00,246.00
2022-07-04 13:00:00,621.00,167.00,0.00,0.00,331.00,1573.00,2684.00,16.00,2.00,27.00,321.00
2022-07-04 14:00:00,616.00,177.00,0.00,0.00,335.00,1589.00,2684.00,16.00,2.00,27.00,300.00
2022-07-04 15:00:00,610.00,179.00,0.00,0.00,333.00,1586.00,2684.00,16.00,2.00,27.00,282.00
2022-07-04 16:00:00,610.00,182.00,0.00,0.00,336.00,1617.00,2685.00,17.00,2.00,27.00,275.00
2022-07-04 17:00:00,611.00,184.00,0.00,0.00,336.00,1675.00,2686.00,19.00,2.00,27.00,364.00
2022-07-04 18:00:00,612.00,179.00,0.00,0.00,334.00,1418.00,2687.00,20.00,2.00,27.00,485.00
2022-07-04 19:00:00,617.00,168.00,0.00,0.00,331.00,1536.00,2687.00,22.00,2.00,27.00,729.00
2022-07-04 20:00:00,612.00,166.00,0.00,0.00,322.00,1266.00,2687.00,26.00,2.00,27.00,937.00
2022-07-04 21:00:00,603.00,173.00,0.00,0.00,294.00,1028.00,2686.00,31.00,2.00,27.00,894.00
2022-07-04 22:00:00,606.00,195.00,0.00,0.00,216.00,754.00,2686.00,33.00,2.00,27.00,747.00
2022-07-04 23:00:00,608.00,183.00,0.00,0.00,191.00,574.00,2687.00,33.00,2.00,27.00,818.00
2022-07-05 00:00:00,610.00,204.00,0.00,0.00,186.00,518.00,2687.00,36.00,2.00,27.00,841.00
2022-07-05 01:00:00,613.00,196.00,0.00,0.00,189.00,559.00,2687.00,36.00,2.00,27.00,774.00
2022-07-05 02:00:00,597.00,149.00,0.00,0.00,187.00,611.00,2690.00,34.00,2.00,27.00,676.00
2022-07-05 03:00:00,581.00,146.00,0.00,0.00,255.00,913.00,2690.00,28.00,3.00,27.00,545.00
2022-07-05 04:00:00,577.00,152.00,0.00,0.00,295.00,1240.00,2691.00,26.00,3.00,27.00,376.00
2022-07-05 05:00:00,578.00,151.00,0.00,0.00,298.00,1427.00,2689.00,23.00,3.00,27.00,291.00
2022-07-05 06:00:00,577.00,146.00,0.00,5.00,303.00,1419.00,2689.00,23.00,3.00,27.00,395.00
2022-07-05 07:00:00,583.00,145.00,0.00,121.00,307.00,1304.00,2689.00,23.00,3.00,27.00,685.00
2022-07-05 08:00:00,578.00,155.00,0.00,12.00,305.00,1191.00,2688.00,20.00,3.00,27.00,1294.00
2022-07-05 09:00:00,569.00,172.00,0.00,0.00,300.00,1057.00,2685.00,20.00,3.00,27.00,1412.00
2022-07-05 10:00:00,571.00,155.00,0.00,0.00,268.00,930.00,2683.00,23.00,3.00,27.00,1676.00
2022-07-05 11:00:00,566.00,152.00,0.00,0.00,201.00,957.00,2681.00,23.00,3.00,34.00,1615.00
2022-07-05 12:00:00,565.00,152.00,0.00,0.00,194.00,925.00,2680.00,23.00,3.00,35.00,1577.00
2022-07-05 13:00:00,568.00,147.00,0.00,0.00,196.00,784.00,2679.00,23.00,3.00,36.00,1848.00
2022-07-05 14:00:00,569.00,149.00,0.00,0.00,196.00,710.00,2678.00,23.00,3.00,35.00,1729.00
2022-07-05 15:00:00,569.00,148.00,0.00,0.00,204.00,864.00,2677.00,23.00,3.00,36.00,1508.00
2022-07-05 16:00:00,583.00,147.00,0.00,0.00,264.00,944.00,2677.00,23.00,3.00,36.00,1479.00
2022-07-05 17:00:00,587.00,140.00,0.00,0.00,271.00,889.00,2678.00,23.00,3.00,36.00,1445.00
2022-07-05 18:00:00,594.00,142.00,0.00,0.00,266.00,948.00,2678.00,26.00,3.00,36.00,1470.00
2022-07-05 19:00:00,594.00,168.00,0.00,0.00,210.00,861.00,2679.00,31.00,3.00,36.00,1609.00
2022-07-05 20:00:00,591.00,188.00,0.00,0.00,185.00,789.00,2680.00,33.00,3.00,28.00,1767.00
2022-07-05 21:00:00,591.00,169.00,0.00,0.00,183.00,578.00,2682.00,36.00,3.00,25.00,1827.00
2022-07-05 22:00:00,595.00,166.00,0.00,0.00,182.00,516.00,2686.00,37.00,3.00,25.00,1691.00
2022-07-05 23:00:00,597.00,162.00,0.00,0.00,185.00,483.00,2689.00,39.00,3.00,25.00,1557.00
2022-07-06 00:00:00,593.00,179.00,0.00,0.00,180.00,429.00,2690.00,39.00,3.00,25.00,1352.00
2022-07-06 01:00:00,587.00,190.00,0.00,0.00,181.00,442.00,2693.00,39.00,3.00,25.00,1213.00
2022-07-06 02:00:00,585.00,175.00,0.00,0.00,183.00,480.00,2696.00,35.00,3.00,25.00,994.00
2022-07-06 03:00:00,584.00,173.00,0.00,0.00,227.00,744.00,2696.00,31.00,3.00,27.00,683.00
2022-07-06 04:00:00,580.00,171.00,0.00,0.00,307.00,961.00,2694.00,30.00,3.00,34.00,453.00
2022-07-06 05:00:00,574.00,215.00,0.00,0.00,329.00,1297.00,2696.00,33.00,3.00,35.00,414.00
2022-07-06 06:00:00,572.00,202.00,0.00,20.00,326.00,1666.00,2697.00,28.00,2.00,35.00,496.00
2022-07-06 07:00:00,592.00,203.00,0.00,19.00,323.00,1829.00,2696.00,43.00,2.00,36.00,604.00
2022-07-06 08:00:00,615.00,209.00,0.00,20.00,327.00,1704.00,2695.00,45.00,2.00,36.00,736.00
2022-07-06 09:00:00,621.00,211.00,0.00,20.00,345.00,1610.00,2694.00,42.00,2.00,36.00,866.00
2022-07-06 10:00:00,616.00,213.00,2.00,5.00,357.00,1593.00,2692.00,28.00,2.00,36.00,823.00
2022-07-06 11:00:00,622.00,212.00,17.00,1.00,344.00,1462.00,2691.00,24.00,2.00,36.00,777.00
2022-07-06 12:00:00,622.00,211.00,20.00,1.00,348.00,1457.00,2690.00,24.00,2.00,36.00,690.00
2022-07-06 13:00:00,625.00,203.00,20.00,1.00,357.00,1362.00,2688.00,24.00,2.00,36.00,610.00
2022-07-06 14:00:00,602.00,203.00,20.00,1.00,358.00,1545.00,2688.00,24.00,2.00,35.00,594.00
2022-07-06 15:00:00,589.00,204.00,22.00,1.00,358.00,1503.00,2687.00,24.00,2.00,35.00,525.00
2022-07-06 16:00:00,594.00,200.00,23.00,1.00,353.00,1587.00,2686.00,28.00,2.00,36.00,506.00
2022-07-06 17:00:00,593.00,197.00,23.00,1.00,349.00,1560.00,2687.00,28.00,2.00,36.00,543.00
2022-07-06 18:00:00,594.00,203.00,23.00,1.00,334.00,1240.00,2688.00,30.00,2.00,36.00,604.00
2022-07-06 19:00:00,598.00,203.00,23.00,1.00,311.00,1178.00,2690.00,33.00,2.00,36.00,756.00
2022-07-06 20:00:00,606.00,194.00,23.00,1.00,308.00,1046.00,2469.00,36.00,2.00,34.00,898.00
2022-07-06 21:00:00,606.00,216.00,23.00,1.00,302.00,791.00,2343.00,39.00,2.00,29.00,1049.00
2022-07-06 22:00:00,602.00,202.00,23.00,1.00,238.00,527.00,2346.00,40.00,2.00,26.00,1023.00
2022-07-06 23:00:00,601.00,217.00,23.00,1.00,196.00,481.00,2354.00,42.00,2.00,24.00,876.00
2022-07-07 00:00:00,601.00,196.00,23.00,1.00,193.00,436.00,2353.00,42.00,2.00,24.00,756.00
2022-07-07 01:00:00,607.00,206.00,23.00,1.00,192.00,423.00,2362.00,42.00,2.00,24.00,802.00
2022-07-07 02:00:00,604.00,193.00,23.00,1.00,216.00,464.00,2363.00,39.00,2.00,26.00,974.00
2022-07-07 03:00:00,594.00,198.00,27.00,1.00,308.00,761.00,2364.00,35.00,2.00,30.00,890.00
2022-07-07 04:00:00,609.00,200.00,27.00,1.00,341.00,1217.00,2365.00,33.00,2.00,35.00,568.00
2022-07-07 05:00:00,605.00,198.00,27.00,1.00,346.00,1517.00,2371.00,30.00,2.00,34.00,337.00
2022-07-07 06:00:00,604.00,200.00,27.00,1.00,375.00,1592.00,2376.00,25.00,2.00,34.00,390.00
2022-07-07 07:00:00,630.00,215.00,27.00,48.00,378.00,1681.00,2376.00,24.00,2.00,35.00,522.00
2022-07-07 08:00:00,643.00,218.00,27.00,1.00,371.00,1625.00,2384.00,24.00,2.00,35.00,606.00
2022-07-07 09:00:00,643.00,216.00,27.00,1.00,345.00,1564.00,2427.00,24.00,2.00,35.00,746.00
2022-07-07 10:00:00,638.00,207.00,27.00,1.00,328.00,1613.00,2611.00,24.00,2.00,35.00,731.00
2022-07-07 11:00:00,638.00,217.00,27.00,1.00,321.00,1515.00,2613.00,24.00,2.00,35.00,750.00
2022-07-07 12:00:00,628.00,220.00,27.00,1.00,313.00,1495.00,2613.00,25.00,2.00,35.00,784.00
2022-07-07 13:00:00,620.00,221.00,27.00,1.00,319.00,1423.00,2618.00,30.00,2.00,31.00,734.00
2022-07-07 14:00:00,627.00,221.00,27.00,1.00,323.00,1493.00,2636.00,30.00,2.00,27.00,770.00
2022-07-07 15:00:00,650.00,225.00,27.00,1.00,334.00,1540.00,2644.00,33.00,2.00,26.00,770.00
2022-07-07 16:00:00,647.00,227.00,27.00,1.00,340.00,1584.00,2653.00,33.00,2.00,26.00,877.00
2022-07-07 17:00:00,648.00,223.00,27.00,1.00,333.00,1411.00,2663.00,33.00,2.00,24.00,1047.00
2022-07-07 18:00:00,645.00,224.00,27.00,1.00,322.00,1175.00,2671.00,33.00,2.00,24.00,1196.00
2022-07-07 19:00:00,644.00,227.00,27.00,1.00,287.00,1040.00,2677.00,35.00,3.00,25.00,1527.00
2022-07-07 20:00:00,643.00,223.00,25.00,1.00,221.00,970.00,2689.00,38.00,3.00,24.00,1852.00
2022-07-07 21:00:00,643.00,221.00,24.00,1.00,215.00,526.00,2702.00,39.00,3.00,24.00,1949.00
2022-07-07 22:00:00,628.00,182.00,24.00,1.00,192.00,462.00,2712.00,42.00,3.00,16.00,2017.00
2022-07-07 23:00:00,624.00,113.00,24.00,1.00,190.00,405.00,2717.00,42.00,3.00,15.00,1995.00
2022-07-08 00:00:00,622.00,135.00,24.00,1.00,186.00,405.00,2720.00,42.00,3.00,15.00,1932.00
2022-07-08 01:00:00,623.00,213.00,24.00,1.00,187.00,399.00,2721.00,42.00,3.00,15.00,1805.00
2022-07-08 02:00:00,623.00,209.00,25.00,1.00,190.00,398.00,2719.00,41.00,3.00,16.00,1600.00
2022-07-08 03:00:00,623.00,187.00,27.00,1.00,206.00,594.00,2719.00,37.00,3.00,26.00,1261.00
2022-07-08 04:00:00,642.00,193.00,27.00,1.00,308.00,1016.00,2720.00,33.00,3.00,34.00,1003.00
2022-07-08 05:00:00,641.00,193.00,27.00,1.00,336.00,1151.00,2720.00,30.00,3.00,35.00,902.00
2022-07-08 06:00:00,649.00,189.00,27.00,1.00,342.00,1395.00,2720.00,26.00,3.00,35.00,932.00
2022-07-08 07:00:00,645.00,198.00,27.00,1.00,332.00,1569.00,2720.00,26.00,3.00,35.00,1125.00
2022-07-08 08:00:00,637.00,191.00,27.00,1.00,328.00,1611.00,2720.00,26.00,3.00,35.00,1182.00
2022-07-08 09:00:00,645.00,198.00,27.00,1.00,329.00,1595.00,2721.00,24.00,3.00,35.00,1325.00
2022-07-08 10:00:00,643.00,200.00,27.00,1.00,328.00,1418.00,2717.00,23.00,3.00,35.00,1355.00
2022-07-08 11:00:00,626.00,200.00,27.00,1.00,326.00,1323.00,2710.00,23.00,3.00,35.00,1330.00
2022-07-08 12:00:00,608.00,176.00,27.00,1.00,328.00,1152.00,2709.00,23.00,3.00,35.00,1330.00
2022-07-08 13:00:00,610.00,175.00,27.00,3.00,328.00,1130.00,2711.00,23.00,3.00,35.00,1326.00
2022-07-08 14:00:00,617.00,179.00,27.00,1.00,329.00,1148.00,2713.00,23.00,3.00,35.00,1315.00
2022-07-08 15:00:00,618.00,199.00,27.00,1.00,343.00,1149.00,2715.00,23.00,3.00,36.00,1148.00
2022-07-08 16:00:00,604.00,191.00,28.00,1.00,357.00,1236.00,2715.00,23.00,3.00,35.00,989.00
2022-07-08 17:00:00,601.00,194.00,29.00,1.00,362.00,1282.00,2716.00,25.00,3.00,36.00,881.00
2022-07-08 18:00:00,576.00,193.00,29.00,1.00,350.00,1208.00,2715.00,29.00,3.00,35.00,751.00
2022-07-08 19:00:00,554.00,207.00,29.00,1.00,337.00,1101.00,2715.00,33.00,3.00,31.00,792.00
2022-07-08 20:00:00,560.00,211.00,29.00,1.00,297.00,903.00,2719.00,36.00,3.00,27.00,998.00
2022-07-08 21:00:00,581.00,206.00,29.00,1.00,227.00,788.00,2719.00,39.00,3.00,26.00,1058.00
2022-07-08 22:00:00,574.00,198.00,29.00,1.00,199.00,644.00,2717.00,39.00,3.00,26.00,958.00
2022-07-08 23:00:00,578.00,190.00,29.00,1.00,189.00,590.00,2717.00,41.00,3.00,24.00,756.00
2022-07-09 00:00:00,579.00,187.00,29.00,1.00,187.00,528.00,2716.00,42.00,3.00,24.00,527.00
2022-07-09 01:00:00,572.00,179.00,29.00,1.00,195.00,557.00,2717.00,42.00,3.00,24.00,325.00
2022-07-09 02:00:00,582.00,181.00,29.00,1.00,216.00,629.00,2718.00,42.00,3.00,24.00,206.00
2022-07-09 03:00:00,580.00,183.00,29.00,1.00,284.00,612.00,2718.00,39.00,3.00,24.00,143.00
2022-07-09 04:00:00,590.00,185.00,29.00,1.00,332.00,796.00,2717.00,38.00,3.00,24.00,133.00
2022-07-09 05:00:00,587.00,182.00,29.00,1.00,335.00,975.00,2717.00,36.00,3.00,24.00,189.00
2022-07-09 06:00:00,580.00,200.00,29.00,1.00,332.00,1121.00,2717.00,36.00,3.00,24.00,205.00
2022-07-09 07:00:00,577.00,189.00,29.00,1.00,304.00,963.00,2716.00,33.00,3.00,24.00,237.00
2022-07-09 08:00:00,585.00,188.00,29.00,1.00,267.00,893.00,2718.00,31.00,3.00,24.00,254.00
2022-07-09 09:00:00,599.00,192.00,29.00,1.00,265.00,891.00,2718.00,28.00,3.00,24.00,205.00
2022-07-09 10:00:00,601.00,188.00,29.00,1.00,267.00,951.00,2718.00,26.00,3.00,25.00,249.00
2022-07-09 11:00:00,600.00,179.00,29.00,1.00,277.00,918.00,2719.00,26.00,3.00,24.00,297.00
2022-07-09 12:00:00,597.00,183.00,29.00,1.00,304.00,825.00,2718.00,26.00,3.00,24.00,295.00
2022-07-09 13:00:00,590.00,177.00,29.00,1.00,331.00,1027.00,2718.00,29.00,3.00,24.00,275.00
2022-07-09 14:00:00,589.00,178.00,29.00,1.00,330.00,1215.00,2719.00,29.00,3.00,27.00,343.00
2022-07-09 15:00:00,561.00,199.00,29.00,1.00,328.00,1285.00,2720.00,30.00,3.00,25.00,408.00
2022-07-09 16:00:00,548.00,176.00,29.00,1.00,330.00,1249.00,2719.00,31.00,3.00,27.00,397.00
2022-07-09 17:00:00,486.00,176.00,29.00,1.00,331.00,1396.00,2720.00,33.00,3.00,27.00,420.00
2022-07-09 18:00:00,486.00,172.00,29.00,1.00,332.00,1103.00,2720.00,33.00,3.00,27.00,531.00
2022-07-09 19:00:00,485.00,180.00,29.00,1.00,333.00,1126.00,2721.00,36.00,3.00,27.00,681.00
2022-07-09 20:00:00,480.00,178.00,29.00,1.00,333.00,881.00,2720.00,37.00,3.00,27.00,755.00
2022-07-09 21:00:00,490.00,174.00,29.00,1.00,270.00,502.00,2719.00,39.00,3.00,26.00,813.00
2022-07-09 22:00:00,487.00,179.00,29.00,1.00,187.00,494.00,2720.00,39.00,3.00,24.00,694.00
2022-07-09 23:00:00,477.00,174.00,29.00,1.00,180.00,448.00,2722.00,39.00,3.00,24.00,592.00
2022-07-10 00:00:00,414.00,155.00,29.00,1.00,177.00,466.00,2724.00,40.00,3.00,17.00,466.00
2022-07-10 01:00:00,413.00,154.00,29.00,1.00,174.00,533.00,2724.00,42.00,3.00,15.00,374.00
2022-07-10 02:00:00,418.00,158.00,29.00,1.00,182.00,559.00,2725.00,42.00,3.00,15.00,316.00
2022-07-10 03:00:00,417.00,169.00,29.00,1.00,211.00,583.00,2725.00,38.00,3.00,15.00,283.00
2022-07-10 04:00:00,431.00,145.00,29.00,1.00,166.00,626.00,2724.00,36.00,3.00,15.00,243.00
2022-07-10 05:00:00,444.00,142.00,29.00,1.00,87.00,635.00,2725.00,32.00,3.00,16.00,199.00
2022-07-10 06:00:00,446.00,222.00,29.00,1.00,96.00,770.00,2725.00,26.00,3.00,25.00,182.00
2022-07-10 07:00:00,449.00,218.00,29.00,1.00,104.00,926.00,2729.00,23.00,3.00,25.00,152.00
2022-07-10 08:00:00,449.00,201.00,29.00,1.00,111.00,879.00,2729.00,23.00,3.00,25.00,127.00
2022-07-10 09:00:00,445.00,202.00,29.00,1.00,111.00,811.00,2722.00,23.00,3.00,25.00,146.00
2022-07-10 10:00:00,448.00,215.00,29.00,1.00,108.00,860.00,2721.00,23.00,3.00,25.00,109.00
2022-07-10 11:00:00,451.00,197.00,29.00,1.00,175.00,886.00,2720.00,23.00,3.00,25.00,131.00
2022-07-10 12:00:00,454.00,203.00,29.00,1.00,213.00,1012.00,2513.00,23.00,3.00,25.00,110.00
2022-07-10 13:00:00,460.00,193.00,29.00,1.00,247.00,1142.00,2370.00,23.00,3.00,25.00,102.00
2022-07-10 14:00:00,500.00,191.00,29.00,1.00,323.00,1559.00,1988.00,23.00,3.00,25.00,131.00
2022-07-10 15:00:00,515.00,186.00,29.00,1.00,335.00,1574.00,1845.00,23.00,3.00,25.00,134.00
2022-07-10 16:00:00,511.00,172.00,29.00,1.00,349.00,1755.00,1841.00,23.00,3.00,24.00,140.00
2022-07-10 17:00:00,506.00,179.00,29.00,1.00,366.00,1999.00,1841.00,23.00,3.00,23.00,154.00
2022-07-10 18:00:00,504.00,176.00,28.00,0.00,400.00,1966.00,1841.00,24.00,3.00,25.00,163.00
2022-07-10 19:00:00,507.00,167.00,28.00,0.00,403.00,1956.00,1843.00,30.00,3.00,23.00,258.00
2022-07-10 20:00:00,505.00,154.00,28.00,0.00,379.00,1854.00,1843.00,34.00,3.00,24.00,372.00
2022-07-10 21:00:00,501.00,151.00,28.00,0.00,368.00,1659.00,1844.00,36.00,3.00,23.00,496.00
2022-07-10 22:00:00,497.00,172.00,28.00,0.00,373.00,1357.00,1844.00,37.00,3.00,25.00,574.00
2022-07-10 23:00:00,501.00,193.00,28.00,0.00,372.00,1122.00,1844.00,39.00,3.00,26.00,507.00
2022-07-11 00:00:00,502.00,181.00,28.00,0.00,365.00,1029.00,1845.00,39.00,3.00,26.00,372.00
2022-07-11 01:00:00,500.00,178.00,28.00,0.00,368.00,1023.00,1845.00,41.00,3.00,26.00,348.00
2022-07-11 02:00:00,500.00,181.00,28.00,0.00,371.00,1382.00,1847.00,40.00,3.00,25.00,312.00
2022-07-11 03:00:00,500.00,174.00,28.00,0.00,374.00,1646.00,1846.00,34.00,3.00,25.00,263.00
2022-07-11 04:00:00,504.00,200.00,28.00,0.00,401.00,1909.00,1844.00,33.00,3.00,25.00,164.00
2022-07-11 05:00:00,513.00,203.00,28.00,0.00,403.00,1987.00,1843.00,26.00,3.00,30.00,53.00
2022-07-11 06:00:00,512.00,193.00,28.00,18.00,401.00,2003.00,1845.00,25.00,3.00,35.00,21.00
2022-07-11 07:00:00,510.00,185.00,28.00,2.00,404.00,1925.00,1843.00,23.00,3.00,35.00,26.00
2022-07-11 08:00:00,508.00,184.00,28.00,0.00,402.00,1789.00,1842.00,23.00,3.00,35.00,49.00
2022-07-11 09:00:00,506.00,171.00,28.00,0.00,402.00,1907.00,1840.00,21.00,3.00,35.00,70.00
2022-07-11 10:00:00,494.00,177.00,28.00,0.00,383.00,1833.00,1840.00,20.00,3.00,35.00,116.00
2022-07-11 11:00:00,494.00,189.00,30.00,0.00,377.00,1820.00,1840.00,20.00,3.00,36.00,170.00
2022-07-11 12:00:00,496.00,188.00,30.00,0.00,373.00,1830.00,1840.00,20.00,3.00,35.00,206.00
2022-07-11 13:00:00,505.00,187.00,30.00,0.00,372.00,1815.00,1837.00,20.00,3.00,33.00,188.00
2022-07-11 14:00:00,505.00,197.00,30.00,0.00,374.00,1863.00,1840.00,20.00,3.00,34.00,185.00
2022-07-11 15:00:00,498.00,200.00,30.00,0.00,373.00,1830.00,1842.00,20.00,3.00,35.00,192.00
2022-07-11 16:00:00,493.00,191.00,30.00,0.00,375.00,1943.00,1841.00,22.00,3.00,35.00,165.00
2022-07-11 17:00:00,491.00,223.00,30.00,0.00,390.00,2092.00,1839.00,23.00,3.00,35.00,154.00
2022-07-11 18:00:00,485.00,196.00,30.00,0.00,399.00,1975.00,1840.00,23.00,3.00,36.00,169.00
2022-07-11 19:00:00,489.00,194.00,30.00,0.00,394.00,1880.00,1840.00,27.00,3.00,35.00,286.00
2022-07-11 20:00:00,499.00,189.00,30.00,0.00,388.00,1852.00,1839.00,30.00,3.00,35.00,436.00
2022-07-11 21:00:00,497.00,194.00,30.00,0.00,386.00,1707.00,1837.00,33.00,3.00,35.00,467.00
2022-07-11 22:00:00,496.00,180.00,30.00,0.00,342.00,1453.00,1838.00,34.00,3.00,34.00,472.00
2022-07-11 23:00:00,494.00,192.00,30.00,0.00,323.00,1293.00,1838.00,36.00,3.00,28.00,421.00
2022-07-12 00:00:00,504.00,190.00,30.00,0.00,325.00,1132.00,1837.00,36.00,3.00,26.00,372.00
2022-07-12 01:00:00,503.00,196.00,30.00,0.00,323.00,1129.00,1838.00,36.00,3.00,26.00,340.00
2022-07-12 02:00:00,502.00,194.00,30.00,0.00,332.00,1279.00,1836.00,36.00,3.00,26.00,311.00
