,Biomass,Fossil Coal-derived gas,Fossil Gas,Fossil Hard coal,Fossil Oil,Geothermal,Hydro Pumped Storage,Hydro Run-of-river and poundage,Hydro Water Reservoir,Other,Solar,Waste,Wind Offshore,Wind Onshore
2022-06-28 04:00:00,562.00,795.00,17702.00,3129.00,462.00,568.00,-332.00,3103.00,511.00,2049.00,525.00,38.00,0.00,2255.00
2022-06-28 05:00:00,549.00,795.00,19766.00,2959.00,294.00,567.00,899.00,3946.00,876.00,2225.00,1996.00,38.00,0.00,2049.00
2022-06-28 06:00:00,552.00,797.00,20530.00,2887.00,293.00,567.00,1089.00,4283.00,758.00,2325.00,4069.00,39.00,0.00,1645.00
2022-06-28 07:00:00,550.00,794.00,20713.00,2910.00,344.00,559.00,809.00,4141.00,729.00,2336.00,5792.00,37.00,0.00,1212.00
2022-06-28 08:00:00,545.00,792.00,20729.00,2957.00,504.00,558.00,1503.00,4247.00,880.00,2285.00,5666.00,36.00,0.00,803.00
2022-06-28 09:00:00,550.00,793.00,20362.00,2965.00,614.00,566.00,1764.00,4870.00,1130.00,2285.00,6094.00,36.00,0.00,688.00
2022-06-28 10:00:00,555.00,791.00,20402.00,2739.00,642.00,567.00,1738.00,4986.00,1108.00,2304.00,6363.00,35.00,0.00,673.00
2022-06-28 11:00:00,562.00,793.00,20967.00,2560.00,699.00,565.00,1069.00,4917.00,1083.00,2302.00,6123.00,38.00,0.00,689.00
2022-06-28 12:00:00,560.00,795.00,20838.00,2770.00,730.00,565.00,1213.00,4885.00,1199.00,2354.00,5615.00,37.00,0.00,710.00
2022-06-28 13:00:00,549.00,791.00,20890.00,2918.00,731.00,567.00,746.00,4806.00,1147.00,2368.00,5100.00,38.00,0.00,1011.00
2022-06-28 14:00:00,557.00,789.00,20916.00,3009.00,728.00,566.00,573.00,4845.00,963.00,2464.00,4684.00,36.00,0.00,1398.00
2022-06-28 15:00:00,565.00,791.00,20682.00,3039.00,665.00,564.00,525.00,4938.00,829.00,2547.00,3550.00,38.00,0.00,1647.00
2022-06-28 16:00:00,536.00,796.00,20887.00,3188.00,435.00,563.00,685.00,5797.00,925.00,2710.00,2246.00,38.00,0.00,1642.00
2022-06-28 17:00:00,535.00,797.00,21301.00,3309.00,352.00,563.00,853.00,6301.00,1378.00,2706.00,982.00,36.00,0.00,1531.00
2022-06-28 18:00:00,574.00,793.00,21113.00,3297.00,350.00,562.00,960.00,5939.00,904.00,2708.00,102.00,36.00,0.00,1395.00
2022-06-28 19:00:00,583.00,795.00,20985.00,3206.00,356.00,562.00,460.00,5478.00,858.00,2735.00,0.00,39.00,0.00,1022.00
2022-06-28 20:00:00,596.00,795.00,21022.00,3229.00,354.00,564.00,83.00,4996.00,684.00,2777.00,0.00,41.00,0.00,1093.00
2022-06-28 21:00:00,627.00,794.00,20215.00,3192.00,348.00,565.00,-273.00,4439.00,537.00,2633.00,0.00,41.00,0.00,1313.00
2022-06-28 22:00:00,545.00,795.00,17452.00,3065.00,359.00,562.00,-705.00,3298.00,513.00,2357.00,0.00,42.00,0.00,1669.00
2022-06-28 23:00:00,531.00,793.00,14605.00,3089.00,350.00,562.00,-798.00,3040.00,245.00,2278.00,0.00,40.00,0.00,1986.00
2022-06-29 00:00:00,530.00,792.00,13173.00,3113.00,350.00,562.00,-797.00,2958.00,242.00,2111.00,0.00,41.00,0.00,2070.00
2022-06-29 01:00:00,525.00,793.00,12486.00,3195.00,382.00,567.00,-797.00,2892.00,238.00,1995.00,0.00,41.00,0.00,2172.00
2022-06-29 02:00:00,514.00,792.00,11987.00,3224.00,592.00,567.00,-712.00,2845.00,238.00,2015.00,0.00,41.00,0.00,2265.00
2022-06-29 03:00:00,513.00,794.00,12716.00,3212.00,448.00,567.00,-618.00,2962.00,264.00,2306.00,5.00,40.00,0.00,2144.00
2022-06-29 04:00:00,518.00,794.00,15560.00,3176.00,398.00,567.00,-481.00,3472.00,421.00,2457.00,454.00,39.00,0.00,2027.00
2022-06-29 05:00:00,510.00,790.00,18660.00,3224.00,564.00,566.00,884.00,4314.00,648.00,2444.00,2280.00,39.00,0.00,1916.00
2022-06-29 06:00:00,508.00,786.00,19359.00,3298.00,495.00,572.00,1209.00,4811.00,877.00,2524.00,4808.00,40.00,0.00,1672.00
2022-06-29 07:00:00,504.00,787.00,19540.00,3293.00,447.00,590.00,1329.00,4621.00,682.00,2529.00,7260.00,37.00,0.00,1541.00
2022-06-29 08:00:00,502.00,789.00,19053.00,3276.00,462.00,588.00,761.00,4325.00,635.00,2560.00,8881.00,38.00,0.00,1433.00
2022-06-29 09:00:00,502.00,787.00,19001.00,3207.00,390.00,590.00,662.00,4292.00,629.00,2573.00,10131.00,39.00,0.00,1530.00
2022-06-29 10:00:00,496.00,786.00,18959.00,3201.00,351.00,588.00,377.00,3716.00,670.00,2405.00,10826.00,39.00,0.00,1775.00
2022-06-29 11:00:00,488.00,789.00,18944.00,3181.00,307.00,588.00,194.00,3716.00,695.00,2324.00,10670.00,39.00,8.00,2110.00
2022-06-29 12:00:00,485.00,789.00,19111.00,3191.00,291.00,587.00,164.00,3604.00,654.00,2300.00,10630.00,36.00,30.00,2482.00
2022-06-29 13:00:00,481.00,789.00,19533.00,3179.00,291.00,586.00,-30.00,3809.00,686.00,2303.00,9753.00,36.00,23.00,2743.00
2022-06-29 14:00:00,487.00,787.00,20256.00,3180.00,291.00,584.00,293.00,4386.00,515.00,2293.00,8136.00,36.00,29.00,2647.00
2022-06-29 15:00:00,500.00,788.00,20233.00,3267.00,301.00,586.00,721.00,5566.00,768.00,2310.00,6461.00,36.00,30.00,2426.00
2022-06-29 16:00:00,496.00,791.00,20832.00,3300.00,437.00,593.00,1062.00,5686.00,828.00,2446.00,3837.00,37.00,0.00,2008.00
2022-06-29 17:00:00,504.00,793.00,20612.00,3526.00,507.00,592.00,1459.00,5856.00,1050.00,2725.00,1265.00,36.00,0.00,1595.00
2022-06-29 18:00:00,506.00,791.00,20964.00,3495.00,517.00,593.00,1037.00,5766.00,953.00,2744.00,127.00,37.00,0.00,1247.00
2022-06-29 19:00:00,491.00,793.00,21106.00,3422.00,514.00,597.00,908.00,5105.00,887.00,2782.00,0.00,38.00,0.00,1070.00
2022-06-29 20:00:00,553.00,793.00,21238.00,3389.00,509.00,622.00,828.00,4515.00,689.00,2739.00,0.00,39.00,0.00,919.00
2022-06-29 21:00:00,546.00,791.00,19931.00,3324.00,555.00,622.00,357.00,3737.00,444.00,2525.00,0.00,40.00,0.00,804.00
2022-06-29 22:00:00,513.00,791.00,16368.00,2861.00,369.00,623.00,142.00,2783.00,467.00,2234.00,0.00,40.00,0.00,813.00
2022-06-29 23:00:00,523.00,793.00,14402.00,2702.00,291.00,624.00,-15.00,2514.00,337.00,2084.00,0.00,40.00,0.00,926.00
2022-06-30 00:00:00,524.00,793.00,13315.00,2710.00,297.00,625.00,-404.00,2448.00,335.00,2042.00,0.00,40.00,0.00,973.00
2022-06-30 01:00:00,526.00,793.00,12999.00,2696.00,368.00,626.00,-519.00,2412.00,334.00,2044.00,0.00,39.00,0.00,1016.00
2022-06-30 02:00:00,524.00,793.00,13320.00,2571.00,296.00,621.00,-916.00,2353.00,334.00,2096.00,0.00,39.00,0.00,1026.00
2022-06-30 03:00:00,522.00,793.00,13848.00,2557.00,291.00,608.00,-649.00,2588.00,356.00,2158.00,8.00,39.00,0.00,821.00
2022-06-30 04:00:00,526.00,792.00,17198.00,2566.00,438.00,614.00,58.00,3053.00,456.00,2228.00,515.00,39.00,0.00,666.00
2022-06-30 05:00:00,524.00,788.00,19586.00,2629.00,566.00,623.00,1087.00,4233.00,848.00,2286.00,2468.00,38.00,0.00,449.00
2022-06-30 06:00:00,514.00,787.00,19953.00,2627.00,589.00,620.00,886.00,4808.00,878.00,2380.00,5262.00,41.00,0.00,382.00
2022-06-30 07:00:00,507.00,785.00,20152.00,2626.00,526.00,618.00,446.00,4734.00,804.00,2453.00,7618.00,40.00,0.00,315.00
2022-06-30 08:00:00,505.00,785.00,20491.00,2635.00,497.00,611.00,457.00,4574.00,502.00,2401.00,9212.00,39.00,0.00,252.00
2022-06-30 09:00:00,512.00,784.00,20180.00,2546.00,574.00,616.00,556.00,4560.00,660.00,2384.00,10260.00,39.00,0.00,267.00
2022-06-30 10:00:00,527.00,787.00,20209.00,2453.00,527.00,616.00,716.00,4188.00,671.00,2227.00,10594.00,35.00,0.00,415.00
2022-06-30 11:00:00,522.00,790.00,20286.00,2443.00,449.00,616.00,606.00,4054.00,721.00,2254.00,10613.00,36.00,0.00,549.00
2022-06-30 12:00:00,528.00,789.00,19872.00,2443.00,460.00,614.00,610.00,3897.00,779.00,2294.00,10349.00,37.00,0.00,698.00
2022-06-30 13:00:00,531.00,788.00,19751.00,2451.00,586.00,615.00,562.00,3933.00,893.00,2314.00,9226.00,35.00,0.00,976.00
2022-06-30 14:00:00,535.00,788.00,19928.00,2456.00,599.00,615.00,883.00,4061.00,913.00,2374.00,8022.00,37.00,0.00,1118.00
2022-06-30 15:00:00,559.00,788.00,20057.00,2450.00,592.00,616.00,993.00,4477.00,950.00,2391.00,6286.00,36.00,0.00,1022.00
2022-06-30 16:00:00,558.00,788.00,20669.00,2513.00,600.00,620.00,1126.00,5520.00,1077.00,2511.00,3576.00,39.00,0.00,845.00
2022-06-30 17:00:00,555.00,793.00,20462.00,2488.00,598.00,621.00,2254.00,6003.00,1094.00,2552.00,1203.00,36.00,0.00,583.00
2022-06-30 18:00:00,558.00,793.00,21043.00,2464.00,476.00,621.00,2038.00,5810.00,1052.00,2489.00,114.00,33.00,0.00,441.00
2022-06-30 19:00:00,560.00,793.00,21344.00,2475.00,416.00,621.00,1112.00,5143.00,835.00,2532.00,0.00,34.00,0.00,438.00
2022-06-30 20:00:00,579.00,794.00,21154.00,2468.00,332.00,621.00,854.00,4403.00,894.00,2550.00,0.00,34.00,0.00,404.00
2022-06-30 21:00:00,580.00,792.00,20368.00,2445.00,418.00,622.00,548.00,3840.00,684.00,2466.00,0.00,35.00,0.00,398.00
2022-06-30 22:00:00,571.00,793.00,16620.00,2393.00,386.00,622.00,66.00,2762.00,445.00,1944.00,0.00,37.00,0.00,400.00
2022-06-30 23:00:00,558.00,793.00,14799.00,2419.00,302.00,623.00,-222.00,2514.00,363.00,1827.00,0.00,36.00,0.00,479.00
2022-07-01 00:00:00,565.00,792.00,13978.00,2391.00,300.00,623.00,-411.00,2497.00,320.00,1787.00,0.00,36.00,0.00,422.00
2022-07-01 01:00:00,568.00,792.00,13546.00,2322.00,308.00,623.00,-399.00,2427.00,319.00,1797.00,0.00,35.00,0.00,294.00
2022-07-01 02:00:00,565.00,794.00,13366.00,2351.00,379.00,623.00,-338.00,2410.00,315.00,1788.00,0.00,36.00,0.00,303.00
2022-07-01 03:00:00,575.00,794.00,13495.00,2347.00,335.00,622.00,-139.00,2482.00,344.00,1851.00,8.00,36.00,0.00,535.00
2022-07-01 04:00:00,605.00,792.00,15482.00,2349.00,341.00,622.00,558.00,3055.00,494.00,1942.00,493.00,34.00,0.00,698.00
2022-07-01 05:00:00,596.00,790.00,17364.00,2361.00,301.00,622.00,787.00,4026.00,693.00,1993.00,2081.00,31.00,0.00,1057.00
2022-07-01 06:00:00,598.00,789.00,18340.00,2402.00,315.00,622.00,569.00,4918.00,736.00,2101.00,4613.00,32.00,0.00,855.00
2022-07-01 07:00:00,603.00,788.00,18752.00,2418.00,458.00,619.00,484.00,4735.00,711.00,2087.00,6962.00,32.00,0.00,407.00
2022-07-01 08:00:00,596.00,788.00,18741.00,2434.00,541.00,615.00,461.00,4392.00,697.00,2004.00,8585.00,30.00,0.00,250.00
2022-07-01 09:00:00,586.00,786.00,18575.00,2413.00,505.00,615.00,475.00,4269.00,613.00,1990.00,9176.00,31.00,0.00,260.00
2022-07-01 10:00:00,587.00,792.00,18442.00,2429.00,370.00,615.00,683.00,3793.00,581.00,1959.00,9624.00,30.00,0.00,424.00
2022-07-01 11:00:00,585.00,782.00,18564.00,2438.00,382.00,614.00,244.00,3672.00,413.00,1941.00,10000.00,31.00,0.00,665.00
2022-07-01 12:00:00,589.00,782.00,18356.00,2439.00,498.00,614.00,292.00,3749.00,583.00,2012.00,9998.00,31.00,0.00,883.00
2022-07-01 13:00:00,583.00,778.00,18951.00,2442.00,538.00,615.00,604.00,3967.00,695.00,2121.00,9009.00,32.00,0.00,1248.00
2022-07-01 14:00:00,576.00,773.00,19470.00,2441.00,586.00,616.00,596.00,4367.00,772.00,2203.00,7914.00,31.00,0.00,1729.00
2022-07-01 15:00:00,587.00,780.00,19036.00,2449.00,561.00,611.00,699.00,4492.00,690.00,2207.00,5631.00,31.00,0.00,2326.00
2022-07-01 16:00:00,599.00,783.00,19296.00,2471.00,386.00,610.00,891.00,5048.00,673.00,2164.00,3204.00,31.00,0.00,2188.00
2022-07-01 17:00:00,614.00,782.00,19477.00,2553.00,296.00,610.00,1318.00,5554.00,846.00,2183.00,1155.00,33.00,0.00,1605.00
2022-07-01 18:00:00,616.00,782.00,19341.00,2576.00,350.00,611.00,1675.00,5367.00,748.00,2075.00,123.00,33.00,0.00,1237.00
2022-07-01 19:00:00,619.00,783.00,19316.00,2572.00,476.00,621.00,1652.00,5011.00,748.00,2097.00,0.00,33.00,0.00,1031.00
2022-07-01 20:00:00,620.00,782.00,19284.00,2522.00,524.00,622.00,1060.00,3832.00,675.00,2040.00,0.00,32.00,0.00,1171.00
2022-07-01 21:00:00,619.00,782.00,18351.00,2490.00,561.00,624.00,403.00,3539.00,588.00,1905.00,0.00,33.00,0.00,1711.00
2022-07-01 22:00:00,621.00,784.00,13417.00,2477.00,357.00,625.00,-74.00,3268.00,451.00,1630.00,0.00,33.00,0.00,1938.00
2022-07-01 23:00:00,605.00,782.00,12047.00,2500.00,301.00,625.00,-180.00,2948.00,447.00,1436.00,0.00,32.00,0.00,1742.00
2022-07-02 00:00:00,616.00,781.00,11032.00,2574.00,301.00,626.00,-300.00,2722.00,436.00,1358.00,0.00,33.00,0.00,1475.00
2022-07-02 01:00:00,625.00,781.00,10564.00,2483.00,311.00,625.00,-154.00,2600.00,323.00,1401.00,0.00,33.00,0.00,1261.00
2022-07-02 02:00:00,642.00,783.00,10115.00,2557.00,505.00,625.00,-3.00,2555.00,366.00,1498.00,0.00,33.00,0.00,1049.00
2022-07-02 03:00:00,615.00,784.00,9722.00,2581.00,577.00,625.00,-3.00,2404.00,374.00,1499.00,7.00,33.00,0.00,1041.00
2022-07-02 04:00:00,613.00,783.00,9701.00,2596.00,448.00,625.00,-2.00,2538.00,477.00,1477.00,476.00,33.00,0.00,1167.00
2022-07-02 05:00:00,608.00,781.00,9817.00,2607.00,474.00,624.00,88.00,3581.00,717.00,1478.00,2327.00,33.00,0.00,1154.00
2022-07-02 06:00:00,596.00,777.00,9424.00,2629.00,550.00,624.00,228.00,3603.00,610.00,1470.00,5137.00,32.00,0.00,1130.00
2022-07-02 07:00:00,592.00,775.00,9761.00,2677.00,429.00,621.00,137.00,3016.00,515.00,1510.00,7516.00,31.00,0.00,1031.00
2022-07-02 08:00:00,584.00,774.00,9056.00,2686.00,378.00,619.00,137.00,2752.00,437.00,1443.00,9171.00,32.00,0.00,1032.00
2022-07-02 09:00:00,558.00,768.00,8502.00,2721.00,29.00,619.00,137.00,2480.00,368.00,1439.00,10226.00,31.00,0.00,1288.00
2022-07-02 10:00:00,544.00,768.00,7897.00,2738.00,27.00,617.00,88.00,2286.00,325.00,1378.00,10765.00,31.00,0.00,1499.00
2022-07-02 11:00:00,543.00,774.00,7744.00,2717.00,20.00,617.00,83.00,2217.00,308.00,1294.00,10812.00,31.00,0.00,1573.00
2022-07-02 12:00:00,543.00,777.00,8139.00,2748.00,30.00,615.00,-171.00,2233.00,283.00,1186.00,10529.00,32.00,15.00,1714.00
2022-07-02 13:00:00,539.00,775.00,8409.00,2707.00,20.00,615.00,87.00,2256.00,320.00,1231.00,9715.00,32.00,30.00,1928.00
2022-07-02 14:00:00,547.00,775.00,9547.00,2721.00,30.00,614.00,0.00,2547.00,378.00,1271.00,8296.00,33.00,0.00,2184.00
2022-07-02 15:00:00,579.00,775.00,11290.00,2736.00,30.00,613.00,49.00,3521.00,642.00,1395.00,6142.00,32.00,0.00,2278.00
2022-07-02 16:00:00,583.00,776.00,11601.00,2761.00,30.00,612.00,590.00,5262.00,1076.00,1436.00,3297.00,32.00,0.00,2171.00
2022-07-02 17:00:00,587.00,778.00,12147.00,2744.00,30.00,614.00,1656.00,6310.00,1426.00,1529.00,1055.00,33.00,8.00,1978.00
2022-07-02 18:00:00,575.00,781.00,12033.00,2755.00,30.00,615.00,2095.00,6382.00,1366.00,1543.00,143.00,33.00,15.00,1676.00
2022-07-02 19:00:00,587.00,781.00,12505.00,2777.00,30.00,619.00,1702.00,6109.00,1259.00,1496.00,0.00,33.00,0.00,1480.00
2022-07-02 20:00:00,580.00,780.00,12786.00,2780.00,30.00,620.00,671.00,5138.00,1183.00,1533.00,0.00,32.00,0.00,1376.00
2022-07-02 21:00:00,591.00,780.00,12615.00,2793.00,30.00,620.00,433.00,4388.00,929.00,1447.00,0.00,33.00,0.00,1210.00
2022-07-02 22:00:00,574.00,781.00,12158.00,2805.00,21.00,621.00,-72.00,3065.00,358.00,1297.00,0.00,33.00,0.00,1133.00
2022-07-02 23:00:00,565.00,782.00,11964.00,2794.00,30.00,623.00,-525.00,2581.00,343.00,1220.00,0.00,33.00,0.00,1109.00
2022-07-03 00:00:00,569.00,781.00,12507.00,2812.00,30.00,623.00,-1151.00,2702.00,431.00,1151.00,0.00,33.00,0.00,959.00
2022-07-03 01:00:00,566.00,782.00,12278.00,2812.00,20.00,623.00,-1705.00,2714.00,447.00,1167.00,0.00,33.00,0.00,1048.00
2022-07-03 02:00:00,557.00,784.00,12014.00,2758.00,20.00,623.00,-1789.00,2692.00,362.00,1211.00,0.00,33.00,15.00,1052.00
2022-07-03 03:00:00,565.00,783.00,11479.00,2742.00,28.00,622.00,-1709.00,2443.00,361.00,1207.00,8.00,32.00,15.00,1088.00
2022-07-03 04:00:00,564.00,784.00,10631.00,2730.00,20.00,621.00,-1677.00,2450.00,395.00,1186.00,475.00,33.00,0.00,1064.00
2022-07-03 05:00:00,559.00,782.00,10150.00,2715.00,20.00,621.00,-1450.00,2602.00,505.00,1109.00,2285.00,33.00,0.00,969.00
2022-07-03 06:00:00,561.00,780.00,8703.00,2709.00,20.00,619.00,-1285.00,2735.00,517.00,1064.00,5006.00,33.00,0.00,1039.00
2022-07-03 07:00:00,569.00,779.00,7419.00,2698.00,20.00,614.00,-697.00,2685.00,394.00,1068.00,7332.00,33.00,10.00,990.00
2022-07-03 08:00:00,536.00,778.00,6849.00,2704.00,20.00,611.00,-615.00,2684.00,363.00,1034.00,8950.00,33.00,0.00,990.00
2022-07-03 09:00:00,521.00,771.00,6622.00,2724.00,38.00,611.00,-615.00,2508.00,367.00,1052.00,10021.00,32.00,0.00,1066.00
2022-07-03 10:00:00,521.00,776.00,6672.00,2773.00,41.00,612.00,-265.00,2336.00,328.00,1088.00,10596.00,31.00,0.00,1099.00
2022-07-03 11:00:00,525.00,779.00,6601.00,2775.00,56.00,612.00,-231.00,2455.00,324.00,1037.00,10638.00,32.00,0.00,1120.00
2022-07-03 12:00:00,536.00,777.00,6893.00,2744.00,83.00,611.00,-13.00,2584.00,324.00,1046.00,10177.00,32.00,0.00,1211.00
2022-07-03 13:00:00,570.00,777.00,7405.00,2771.00,105.00,611.00,90.00,2689.00,326.00,1022.00,9308.00,32.00,0.00,1370.00
2022-07-03 14:00:00,574.00,777.00,9057.00,2785.00,160.00,609.00,-1.00,2858.00,453.00,1062.00,7752.00,31.00,0.00,1485.00
2022-07-03 15:00:00,581.00,779.00,11303.00,2791.00,170.00,611.00,164.00,3030.00,472.00,1155.00,5679.00,33.00,0.00,1467.00
2022-07-03 16:00:00,582.00,783.00,12631.00,2773.00,185.00,613.00,1022.00,4848.00,943.00,1254.00,3353.00,33.00,0.00,1272.00
2022-07-03 17:00:00,579.00,787.00,14593.00,2764.00,200.00,614.00,886.00,6024.00,1143.00,1367.00,1065.00,33.00,0.00,1092.00
2022-07-03 18:00:00,585.00,784.00,15207.00,2770.00,211.00,617.00,1040.00,6154.00,1295.00,1354.00,119.00,33.00,0.00,897.00
2022-07-03 19:00:00,587.00,785.00,15849.00,2780.00,211.00,620.00,1162.00,5859.00,1241.00,1422.00,0.00,31.00,0.00,752.00
2022-07-03 20:00:00,589.00,787.00,16029.00,2514.00,201.00,620.00,765.00,4935.00,1053.00,1459.00,0.00,32.00,0.00,572.00
2022-07-03 21:00:00,641.00,785.00,16121.00,2202.00,202.00,621.00,-205.00,4073.00,842.00,1476.00,0.00,33.00,0.00,540.00
2022-07-03 22:00:00,578.00,782.00,15149.00,2269.00,130.00,621.00,-1940.00,2685.00,473.00,1371.00,0.00,32.00,0.00,537.00
2022-07-03 23:00:00,576.00,784.00,14601.00,2310.00,162.00,621.00,-2541.00,2431.00,265.00,1426.00,0.00,31.00,0.00,543.00
2022-07-04 00:00:00,593.00,783.00,13976.00,2352.00,163.00,622.00,-2818.00,2318.00,204.00,1407.00,0.00,32.00,0.00,510.00
2022-07-04 01:00:00,592.00,782.00,13603.00,2351.00,162.00,623.00,-2730.00,2283.00,203.00,1399.00,0.00,33.00,0.00,445.00
2022-07-04 02:00:00,593.00,783.00,13433.00,2381.00,162.00,623.00,-2643.00,2337.00,203.00,1434.00,0.00,33.00,0.00,370.00
2022-07-04 03:00:00,594.00,785.00,14231.00,2424.00,162.00,623.00,-2459.00,2447.00,240.00,1492.00,5.00,33.00,0.00,379.00
2022-07-04 04:00:00,604.00,785.00,16569.00,2479.00,152.00,623.00,-277.00,3473.00,411.00,1650.00,425.00,31.00,0.00,387.00
2022-07-04 05:00:00,624.00,783.00,18911.00,2586.00,148.00,622.00,654.00,4554.00,546.00,1849.00,2142.00,32.00,0.00,310.00
2022-07-04 06:00:00,611.00,779.00,19553.00,2605.00,147.00,622.00,638.00,5083.00,930.00,1896.00,4685.00,34.00,0.00,336.00
2022-07-04 07:00:00,599.00,776.00,19599.00,2708.00,185.00,615.00,659.00,4724.00,865.00,1932.00,6837.00,32.00,0.00,426.00
2022-07-04 08:00:00,587.00,776.00,18996.00,2765.00,299.00,609.00,926.00,4584.00,913.00,1917.00,8695.00,30.00,0.00,452.00
2022-07-04 09:00:00,576.00,779.00,19512.00,2810.00,427.00,612.00,933.00,4458.00,1030.00,1907.00,9633.00,30.00,0.00,585.00
2022-07-04 10:00:00,578.00,779.00,19762.00,2801.00,508.00,615.00,834.00,3825.00,1049.00,1914.00,9633.00,30.00,0.00,879.00
2022-07-04 11:00:00,574.00,781.00,19483.00,2767.00,559.00,613.00,450.00,3818.00,856.00,1936.00,9531.00,30.00,0.00,1132.00
2022-07-04 12:00:00,572.00,779.00,19505.00,2815.00,615.00,612.00,399.00,4067.00,611.00,1962.00,9564.00,30.00,0.00,1389.00
2022-07-04 13:00:00,575.00,776.00,19369.00,2862.00,621.00,613.00,544.00,4318.00,875.00,1995.00,9245.00,26.00,0.00,1603.00
2022-07-04 14:00:00,579.00,775.00,20616.00,3004.00,635.00,611.00,925.00,4467.00,616.00,2071.00,7655.00,25.00,0.00,1888.00
2022-07-04 15:00:00,572.00,777.00,21083.00,3037.00,748.00,612.00,693.00,4783.00,689.00,2082.00,5874.00,28.00,0.00,1953.00
2022-07-04 16:00:00,579.00,782.00,21007.00,3005.00,817.00,612.00,772.00,4901.00,672.00,2108.00,3260.00,28.00,0.00,1598.00
2022-07-04 17:00:00,588.00,783.00,20815.00,3161.00,819.00,616.00,1117.00,5699.00,818.00,2116.00,975.00,30.00,0.00,1165.00
2022-07-04 18:00:00,585.00,783.00,20297.00,3010.00,792.00,619.00,1074.00,5852.00,1008.00,2170.00,84.00,32.00,0.00,827.00
2022-07-04 19:00:00,586.00,784.00,19786.00,3016.00,760.00,621.00,1161.00,5636.00,1155.00,2166.00,0.00,32.00,0.00,682.00
2022-07-04 20:00:00,596.00,783.00,19435.00,3099.00,518.00,623.00,794.00,4606.00,543.00,2177.00,0.00,32.00,0.00,550.00
2022-07-04 21:00:00,640.00,762.00,18351.00,3067.00,357.00,621.00,253.00,4426.00,376.00,2057.00,0.00,31.00,0.00,465.00
2022-07-04 22:00:00,586.00,593.00,15948.00,3037.00,262.00,623.00,-145.00,3320.00,563.00,1876.00,0.00,33.00,0.00,486.00
2022-07-04 23:00:00,589.00,597.00,14228.00,3104.00,223.00,622.00,-494.00,3083.00,316.00,1817.00,0.00,31.00,0.00,656.00
2022-07-05 00:00:00,600.00,597.00,13348.00,3015.00,223.00,623.00,-494.00,2877.00,221.00,1791.00,0.00,32.00,0.00,836.00
2022-07-05 01:00:00,602.00,613.00,12624.00,3004.00,213.00,624.00,-495.00,2844.00,221.00,1842.00,0.00,32.00,0.00,816.00
2022-07-05 02:00:00,602.00,703.00,12837.00,3005.00,199.00,620.00,-601.00,2825.00,221.00,1832.00,0.00,33.00,0.00,722.00
2022-07-05 03:00:00,600.00,754.00,13221.00,3007.00,243.00,620.00,-785.00,2788.00,253.00,1901.00,3.00,34.00,0.00,731.00
2022-07-05 04:00:00,597.00,753.00,14513.00,3014.00,330.00,620.00,75.00,3182.00,410.00,2026.00,446.00,32.00,0.00,800.00
2022-07-05 05:00:00,601.00,722.00,17004.00,3087.00,400.00,620.00,408.00,4071.00,738.00,2025.00,2163.00,28.00,0.00,716.00
2022-07-05 06:00:00,603.00,700.00,17767.00,3134.00,360.00,618.00,655.00,4565.00,859.00,1979.00,4788.00,30.00,0.00,628.00
2022-07-05 07:00:00,584.00,698.00,17995.00,3100.00,472.00,617.00,577.00,4548.00,852.00,1914.00,7055.00,28.00,0.00,716.00
2022-07-05 08:00:00,588.00,695.00,17425.00,3077.00,485.00,612.00,319.00,4351.00,793.00,1876.00,9042.00,31.00,0.00,998.00
2022-07-05 09:00:00,590.00,709.00,16473.00,3093.00,481.00,609.00,365.00,4068.00,782.00,1829.00,10203.00,31.00,0.00,1524.00
2022-07-05 10:00:00,582.00,716.00,16319.00,2872.00,382.00,609.00,247.00,3653.00,650.00,1721.00,10760.00,31.00,0.00,2407.00
2022-07-05 11:00:00,573.00,712.00,16265.00,2815.00,375.00,609.00,227.00,3552.00,711.00,1720.00,10781.00,32.00,0.00,3189.00
2022-07-05 12:00:00,565.00,707.00,16816.00,2823.00,417.00,608.00,210.00,3522.00,632.00,1793.00,10495.00,29.00,0.00,3604.00
2022-07-05 13:00:00,563.00,707.00,17251.00,2815.00,487.00,608.00,328.00,3973.00,655.00,1911.00,9676.00,29.00,0.00,3907.00
2022-07-05 14:00:00,563.00,711.00,18335.00,2538.00,679.00,607.00,655.00,4163.00,748.00,1935.00,8061.00,30.00,0.00,3799.00
2022-07-05 15:00:00,567.00,720.00,18733.00,2530.00,757.00,609.00,693.00,4666.00,831.00,2007.00,6143.00,30.00,0.00,3652.00
2022-07-05 16:00:00,584.00,724.00,19613.00,2534.00,737.00,611.00,946.00,5143.00,844.00,1981.00,3499.00,31.00,0.00,3130.00
2022-07-05 17:00:00,573.00,726.00,19660.00,2539.00,853.00,611.00,1941.00,5682.00,1254.00,2009.00,1162.00,29.00,0.00,2194.00
2022-07-05 18:00:00,581.00,727.00,19395.00,2652.00,768.00,612.00,1910.00,5610.00,1279.00,1979.00,106.00,29.00,0.00,1596.00
2022-07-05 19:00:00,598.00,727.00,20035.00,2581.00,799.00,612.00,1437.00,5296.00,1169.00,2036.00,0.00,31.00,0.00,1205.00
2022-07-05 20:00:00,601.00,728.00,19630.00,2586.00,868.00,615.00,619.00,4291.00,809.00,2085.00,0.00,31.00,0.00,1196.00
2022-07-05 21:00:00,667.00,724.00,17915.00,2546.00,840.00,617.00,347.00,3798.00,643.00,1937.00,0.00,32.00,0.00,1281.00
2022-07-05 22:00:00,614.00,763.00,15166.00,2566.00,714.00,592.00,102.00,3126.00,594.00,1797.00,0.00,33.00,0.00,1356.00
2022-07-05 23:00:00,614.00,759.00,13615.00,2613.00,665.00,587.00,-1.00,2788.00,250.00,1732.00,0.00,32.00,0.00,1432.00
2022-07-06 00:00:00,618.00,766.00,12695.00,2564.00,681.00,605.00,-1.00,2402.00,185.00,1718.00,0.00,32.00,0.00,1496.00
2022-07-06 01:00:00,617.00,766.00,12133.00,2571.00,694.00,621.00,-1.00,2369.00,185.00,1680.00,0.00,31.00,0.00,1645.00
2022-07-06 02:00:00,615.00,766.00,11707.00,2636.00,660.00,621.00,-1.00,2322.00,185.00,1671.00,0.00,30.00,0.00,1680.00
2022-07-06 03:00:00,619.00,767.00,12243.00,2662.00,656.00,622.00,158.00,2344.00,214.00,1809.00,5.00,31.00,0.00,1566.00
2022-07-06 04:00:00,620.00,765.00,14590.00,2570.00,649.00,620.00,0.00,2500.00,479.00,1891.00,422.00,31.00,0.00,1547.00
2022-07-06 05:00:00,614.00,764.00,16741.00,2586.00,721.00,619.00,319.00,3156.00,752.00,1867.00,2042.00,30.00,0.00,1627.00
2022-07-06 06:00:00,626.00,762.00,17351.00,2684.00,722.00,617.00,961.00,4130.00,684.00,1744.00,4554.00,32.00,0.00,1756.00
2022-07-06 07:00:00,613.00,764.00,17390.00,2694.00,713.00,615.00,892.00,4355.00,664.00,1709.00,7136.00,31.00,0.00,1817.00
2022-07-06 08:00:00,620.00,764.00,17304.00,2685.00,605.00,613.00,805.00,3977.00,469.00,1718.00,8867.00,31.00,0.00,2103.00
2022-07-06 09:00:00,607.00,763.00,17569.00,2685.00,493.00,613.00,508.00,3487.00,587.00,1730.00,10109.00,31.00,1.00,2163.00
2022-07-06 10:00:00,600.00,734.00,17410.00,2664.00,464.00,613.00,661.00,3161.00,557.00,1753.00,10827.00,30.00,30.00,1993.00
2022-07-06 11:00:00,605.00,738.00,17444.00,2658.00,606.00,613.00,386.00,3289.00,735.00,1849.00,10954.00,30.00,0.00,2163.00
2022-07-06 12:00:00,621.00,741.00,17731.00,2673.00,637.00,610.00,385.00,3361.00,844.00,1919.00,10480.00,26.00,30.00,2221.00
2022-07-06 13:00:00,626.00,740.00,18050.00,2659.00,607.00,610.00,646.00,3959.00,877.00,2068.00,9120.00,29.00,30.00,2443.00
2022-07-06 14:00:00,627.00,738.00,18218.00,2677.00,601.00,610.00,1070.00,4698.00,971.00,2132.00,7463.00,30.00,30.00,2483.00
2022-07-06 15:00:00,634.00,741.00,18790.00,2654.00,639.00,612.00,1656.00,4900.00,1009.00,2190.00,5664.00,30.00,30.00,2170.00
2022-07-06 16:00:00,590.00,745.00,19579.00,2692.00,653.00,612.00,2120.00,5228.00,1080.00,2216.00,3162.00,29.00,30.00,1594.00
2022-07-06 17:00:00,595.00,748.00,19731.00,2719.00,710.00,613.00,2250.00,5823.00,1179.00,2232.00,1057.00,29.00,30.00,1322.00
2022-07-06 18:00:00,603.00,750.00,19734.00,2749.00,721.00,613.00,1743.00,5425.00,829.00,2234.00,103.00,30.00,30.00,1177.00
2022-07-06 19:00:00,634.00,746.00,19738.00,2763.00,734.00,614.00,1773.00,5347.00,1060.00,2261.00,0.00,32.00,30.00,812.00
2022-07-06 20:00:00,652.00,747.00,19640.00,2788.00,734.00,618.00,1722.00,4482.00,999.00,2284.00,0.00,32.00,7.00,672.00
2022-07-06 21:00:00,683.00,747.00,17724.00,2794.00,733.00,618.00,600.00,4277.00,979.00,2175.00,0.00,31.00,8.00,760.00
2022-07-06 22:00:00,644.00,734.00,16543.00,2729.00,694.00,617.00,485.00,3227.00,530.00,1897.00,0.00,31.00,7.00,843.00
2022-07-06 23:00:00,627.00,732.00,15654.00,2797.00,615.00,617.00,1.00,2751.00,241.00,1950.00,0.00,33.00,0.00,863.00
2022-07-07 00:00:00,637.00,731.00,14787.00,2802.00,666.00,618.00,0.00,2369.00,236.00,1979.00,0.00,32.00,0.00,820.00
2022-07-07 01:00:00,645.00,731.00,14055.00,2812.00,718.00,602.00,0.00,2275.00,236.00,1977.00,0.00,29.00,0.00,811.00
2022-07-07 02:00:00,662.00,730.00,13680.00,2833.00,734.00,618.00,0.00,2235.00,235.00,1975.00,0.00,28.00,8.00,784.00
2022-07-07 03:00:00,656.00,731.00,14245.00,2889.00,733.00,618.00,0.00,2213.00,264.00,2067.00,5.00,29.00,30.00,719.00
2022-07-07 04:00:00,649.00,733.00,16504.00,2891.00,730.00,619.00,17.00,2661.00,497.00,2068.00,430.00,27.00,30.00,598.00
2022-07-07 05:00:00,663.00,750.00,18463.00,2892.00,713.00,618.00,578.00,3178.00,783.00,2162.00,2215.00,24.00,0.00,396.00
2022-07-07 06:00:00,653.00,772.00,18340.00,2891.00,661.00,615.00,1307.00,4264.00,920.00,2239.00,4785.00,26.00,0.00,257.00
2022-07-07 07:00:00,649.00,785.00,18502.00,2902.00,521.00,616.00,824.00,4371.00,556.00,2264.00,7299.00,27.00,0.00,201.00
2022-07-07 08:00:00,639.00,786.00,18375.00,2908.00,639.00,612.00,514.00,4219.00,698.00,2237.00,8849.00,27.00,0.00,269.00
2022-07-07 09:00:00,621.00,787.00,18367.00,2905.00,582.00,611.00,498.00,3570.00,750.00,2210.00,10000.00,27.00,0.00,406.00
2022-07-07 10:00:00,611.00,795.00,18244.00,2905.00,560.00,613.00,118.00,2972.00,568.00,2227.00,10583.00,24.00,0.00,630.00
2022-07-07 11:00:00,600.00,795.00,18426.00,2850.00,566.00,613.00,69.00,2932.00,470.00,2215.00,10353.00,25.00,0.00,896.00
2022-07-07 12:00:00,605.00,795.00,18882.00,2799.00,582.00,610.00,548.00,3158.00,857.00,2237.00,9384.00,25.00,23.00,1482.00
2022-07-07 13:00:00,622.00,794.00,19379.00,2791.00,584.00,610.00,462.00,3722.00,990.00,2253.00,6966.00,28.00,30.00,1952.00
2022-07-07 14:00:00,623.00,789.00,20264.00,2735.00,575.00,612.00,881.00,4171.00,1090.00,2253.00,5223.00,29.00,0.00,1774.00
2022-07-07 15:00:00,624.00,793.00,20351.00,2722.00,588.00,614.00,709.00,5065.00,1042.00,2351.00,4728.00,29.00,0.00,1756.00
2022-07-07 16:00:00,622.00,799.00,20177.00,2670.00,620.00,612.00,1263.00,5396.00,904.00,2378.00,3059.00,29.00,0.00,1450.00
2022-07-07 17:00:00,589.00,788.00,20128.00,2757.00,644.00,613.00,1280.00,5846.00,1213.00,2407.00,1018.00,29.00,0.00,1417.00
2022-07-07 18:00:00,598.00,797.00,20193.00,2804.00,602.00,613.00,912.00,5547.00,763.00,2400.00,101.00,30.00,0.00,1923.00
2022-07-07 19:00:00,632.00,805.00,20176.00,2803.00,575.00,613.00,594.00,5047.00,613.00,2421.00,0.00,32.00,0.00,1887.00
2022-07-07 20:00:00,637.00,806.00,19693.00,2802.00,621.00,613.00,-147.00,4297.00,644.00,2435.00,0.00,32.00,1.00,1406.00
2022-07-07 21:00:00,675.00,806.00,18054.00,2802.00,668.00,613.00,131.00,3342.00,409.00,2331.00,0.00,33.00,23.00,1080.00
2022-07-07 22:00:00,625.00,802.00,14203.00,2804.00,563.00,617.00,25.00,2774.00,395.00,2081.00,0.00,33.00,0.00,1157.00
2022-07-07 23:00:00,624.00,803.00,12084.00,2804.00,502.00,623.00,-1.00,2637.00,410.00,1994.00,0.00,33.00,20.00,1482.00
2022-07-08 00:00:00,627.00,804.00,10576.00,2827.00,462.00,628.00,-3.00,2510.00,334.00,1882.00,0.00,33.00,8.00,2432.00
2022-07-08 01:00:00,627.00,803.00,9835.00,2845.00,429.00,628.00,-757.00,2435.00,238.00,1866.00,0.00,29.00,0.00,3293.00
2022-07-08 02:00:00,624.00,805.00,9183.00,2837.00,474.00,629.00,-1080.00,2473.00,236.00,1842.00,0.00,32.00,7.00,3573.00
2022-07-08 03:00:00,625.00,806.00,9266.00,2836.00,355.00,628.00,-787.00,2412.00,266.00,1868.00,1.00,32.00,0.00,3581.00
2022-07-08 04:00:00,626.00,805.00,11980.00,2845.00,409.00,627.00,-151.00,2662.00,426.00,1953.00,315.00,32.00,0.00,2513.00
2022-07-08 05:00:00,624.00,804.00,13301.00,2745.00,552.00,623.00,465.00,3752.00,1124.00,2076.00,1986.00,31.00,0.00,2429.00
2022-07-08 06:00:00,621.00,801.00,13885.00,2644.00,559.00,612.00,558.00,4620.00,1173.00,2121.00,4679.00,30.00,23.00,2717.00
2022-07-08 07:00:00,624.00,799.00,13391.00,2493.00,564.00,610.00,482.00,4776.00,1138.00,2166.00,6582.00,30.00,0.00,3298.00
2022-07-08 08:00:00,626.00,800.00,12350.00,2566.00,431.00,610.00,316.00,4134.00,967.00,2186.00,8813.00,30.00,30.00,4021.00
2022-07-08 09:00:00,637.00,798.00,11373.00,2487.00,422.00,608.00,119.00,3627.00,469.00,2226.00,10175.00,27.00,30.00,5466.00
2022-07-08 10:00:00,642.00,801.00,9689.00,2166.00,362.00,608.00,-89.00,3514.00,420.00,2210.00,10747.00,25.00,0.00,5888.00
2022-07-08 11:00:00,647.00,804.00,9513.00,1898.00,394.00,608.00,43.00,3538.00,573.00,2181.00,10644.00,29.00,0.00,6135.00
2022-07-08 12:00:00,641.00,801.00,10262.00,1861.00,393.00,611.00,75.00,3623.00,688.00,2204.00,9842.00,29.00,0.00,6150.00
2022-07-08 13:00:00,641.00,800.00,10425.00,1943.00,378.00,606.00,-156.00,3647.00,713.00,2186.00,9538.00,27.00,0.00,6043.00
2022-07-08 14:00:00,640.00,800.00,11141.00,2064.00,402.00,623.00,-47.00,4037.00,475.00,2176.00,7936.00,26.00,0.00,5963.00
2022-07-08 15:00:00,648.00,803.00,11148.00,2236.00,400.00,624.00,675.00,4243.00,503.00,2216.00,6274.00,24.00,0.00,6483.00
2022-07-08 16:00:00,628.00,804.00,11754.00,2354.00,419.00,624.00,803.00,4813.00,574.00,2205.00,3770.00,24.00,0.00,6487.00
2022-07-08 17:00:00,621.00,804.00,12585.00,2408.00,434.00,625.00,1414.00,5212.00,767.00,2233.00,1128.00,25.00,13.00,6325.00
2022-07-08 18:00:00,646.00,807.00,12951.00,2431.00,501.00,626.00,1437.00,5358.00,788.00,2270.00,99.00,25.00,30.00,6067.00
2022-07-08 19:00:00,658.00,807.00,12786.00,2422.00,517.00,626.00,1206.00,4736.00,653.00,2299.00,0.00,25.00,12.00,5939.00
2022-07-08 20:00:00,679.00,806.00,12892.00,2420.00,518.00,626.00,835.00,4132.00,515.00,2245.00,0.00,23.00,30.00,5851.00
2022-07-08 21:00:00,707.00,803.00,11525.00,2272.00,517.00,626.00,753.00,3715.00,368.00,2126.00,0.00,23.00,30.00,5810.00
2022-07-08 22:00:00,676.00,802.00,8389.00,2383.00,395.00,626.00,28.00,3589.00,329.00,1804.00,0.00,25.00,0.00,5239.00
2022-07-08 23:00:00,678.00,801.00,6974.00,2422.00,346.00,626.00,-1.00,3492.00,276.00,1711.00,0.00,29.00,0.00,4850.00
2022-07-09 00:00:00,676.00,802.00,6067.00,2440.00,396.00,627.00,-101.00,3182.00,395.00,1667.00,0.00,29.00,0.00,4809.00
2022-07-09 01:00:00,665.00,801.00,4885.00,2415.00,384.00,627.00,-1.00,3023.00,287.00,1704.00,0.00,30.00,30.00,5214.00
2022-07-09 02:00:00,666.00,801.00,4608.00,2391.00,320.00,628.00,-1.00,2811.00,263.00,1751.00,0.00,30.00,30.00,5567.00
2022-07-09 03:00:00,677.00,802.00,4478.00,2328.00,305.00,626.00,-1.00,2496.00,273.00,1739.00,5.00,31.00,30.00,5690.00
2022-07-09 04:00:00,674.00,804.00,4919.00,2381.00,355.00,627.00,1.00,2438.00,374.00,1716.00,421.00,31.00,30.00,5493.00
2022-07-09 05:00:00,657.00,803.00,5418.00,2416.00,426.00,627.00,328.00,2784.00,557.00,1770.00,2291.00,32.00,30.00,5325.00
2022-07-09 06:00:00,658.00,799.00,4541.00,2342.00,371.00,625.00,438.00,3231.00,668.00,1746.00,5389.00,32.00,3.00,5391.00
2022-07-09 07:00:00,651.00,798.00,3978.00,2268.00,308.00,626.00,378.00,3077.00,524.00,1797.00,7791.00,32.00,16.00,5788.00
2022-07-09 08:00:00,609.00,799.00,3385.00,1994.00,344.00,625.00,-89.00,2944.00,454.00,1747.00,9741.00,32.00,30.00,5689.00
2022-07-09 09:00:00,560.00,798.00,3114.00,1938.00,340.00,622.00,-214.00,2792.00,381.00,1732.00,10838.00,32.00,30.00,5740.00
2022-07-09 10:00:00,558.00,799.00,3067.00,1755.00,306.00,621.00,-1016.00,2594.00,335.00,1749.00,11416.00,29.00,22.00,5819.00
2022-07-09 11:00:00,558.00,800.00,2953.00,1737.00,303.00,619.00,-1286.00,2531.00,317.00,1746.00,11479.00,34.00,0.00,5794.00
2022-07-09 12:00:00,568.00,799.00,3021.00,1724.00,303.00,619.00,-1575.00,2486.00,317.00,1689.00,11127.00,34.00,0.00,6038.00
2022-07-09 13:00:00,573.00,799.00,3197.00,1750.00,304.00,618.00,-2540.00,2516.00,318.00,1574.00,10292.00,34.00,0.00,6348.00
2022-07-09 14:00:00,618.00,799.00,4164.00,1943.00,295.00,619.00,-2393.00,2609.00,373.00,1511.00,8864.00,34.00,0.00,5988.00
2022-07-09 15:00:00,632.00,800.00,5009.00,2002.00,306.00,619.00,-917.00,2801.00,422.00,1571.00,6668.00,35.00,0.00,5631.00
2022-07-09 16:00:00,648.00,803.00,6297.00,2386.00,393.00,619.00,108.00,3858.00,557.00,1755.00,3669.00,36.00,0.00,5198.00
2022-07-09 17:00:00,645.00,803.00,7601.00,2544.00,432.00,621.00,706.00,5118.00,643.00,1862.00,1143.00,34.00,0.00,4379.00
2022-07-09 18:00:00,653.00,802.00,8251.00,2593.00,426.00,621.00,870.00,5521.00,780.00,1891.00,97.00,33.00,0.00,3541.00
2022-07-09 19:00:00,655.00,805.00,8325.00,2607.00,401.00,623.00,885.00,5602.00,1182.00,1794.00,0.00,34.00,0.00,3244.00
2022-07-09 20:00:00,655.00,805.00,8106.00,2675.00,398.00,626.00,818.00,4534.00,803.00,1764.00,0.00,34.00,14.00,3316.00
2022-07-09 21:00:00,712.00,803.00,8044.00,2681.00,381.00,628.00,214.00,3895.00,491.00,1724.00,0.00,34.00,9.00,3292.00
2022-07-09 22:00:00,660.00,805.00,6211.00,2574.00,418.00,628.00,-38.00,3273.00,231.00,1564.00,0.00,35.00,0.00,3203.00
2022-07-09 23:00:00,675.00,805.00,4758.00,2632.00,363.00,628.00,-187.00,3115.00,225.00,1529.00,0.00,36.00,0.00,3204.00
2022-07-10 00:00:00,687.00,804.00,4187.00,2690.00,344.00,630.00,-272.00,2803.00,235.00,1521.00,0.00,34.00,0.00,3280.00
2022-07-10 01:00:00,680.00,804.00,4198.00,2657.00,409.00,630.00,-355.00,2569.00,238.00,1468.00,0.00,35.00,30.00,3315.00
2022-07-10 02:00:00,679.00,804.00,4159.00,2672.00,410.00,631.00,-355.00,2375.00,338.00,1361.00,0.00,32.00,20.00,3214.00
2022-07-10 03:00:00,667.00,803.00,4007.00,2661.00,387.00,630.00,-354.00,2309.00,362.00,1293.00,4.00,35.00,29.00,3128.00
2022-07-10 04:00:00,668.00,803.00,3886.00,2451.00,318.00,630.00,-345.00,2384.00,337.00,1239.00,383.00,36.00,0.00,2971.00
2022-07-10 05:00:00,664.00,802.00,3705.00,2473.00,303.00,629.00,-136.00,2470.00,340.00,1270.00,2173.00,34.00,0.00,2832.00
2022-07-10 06:00:00,654.00,799.00,2806.00,2365.00,292.00,627.00,-470.00,2672.00,402.00,1192.00,5475.00,36.00,4.00,3208.00
2022-07-10 07:00:00,573.00,798.00,2669.00,2069.00,292.00,626.00,-1279.00,2656.00,382.00,1069.00,8117.00,33.00,6.00,3229.00
2022-07-10 08:00:00,584.00,795.00,2766.00,1848.00,292.00,627.00,-1356.00,2641.00,349.00,1062.00,9785.00,35.00,0.00,2769.00
2022-07-10 09:00:00,584.00,793.00,2912.00,1880.00,292.00,626.00,-1156.00,2593.00,351.00,1063.00,10871.00,33.00,0.00,2581.00
2022-07-10 10:00:00,580.00,793.00,3078.00,1930.00,292.00,625.00,-1092.00,2481.00,329.00,1107.00,11574.00,33.00,0.00,2659.00
2022-07-10 11:00:00,589.00,794.00,2908.00,1817.00,292.00,624.00,-1654.00,2452.00,323.00,1060.00,11754.00,33.00,0.00,2734.00
2022-07-10 12:00:00,585.00,788.00,2844.00,1776.00,291.00,621.00,-2314.00,2429.00,325.00,1073.00,11297.00,35.00,0.00,2909.00
2022-07-10 13:00:00,586.00,821.00,3535.00,1889.00,292.00,621.00,-1923.00,2460.00,327.00,1125.00,10331.00,34.00,0.00,2948.00
2022-07-10 14:00:00,641.00,852.00,4160.00,1935.00,292.00,622.00,-2097.00,2482.00,360.00,1218.00,8890.00,34.00,0.00,3242.00
2022-07-10 15:00:00,679.00,852.00,5481.00,2055.00,332.00,620.00,-2063.00,2702.00,413.00,1357.00,6821.00,35.00,0.00,3476.00
2022-07-10 16:00:00,680.00,851.00,6769.00,2146.00,404.00,622.00,-741.00,3133.00,551.00,1595.00,3953.00,34.00,0.00,3113.00
2022-07-10 17:00:00,689.00,853.00,8934.00,2608.00,409.00,622.00,152.00,4062.00,763.00,1668.00,1204.00,33.00,0.00,2348.00
2022-07-10 18:00:00,698.00,856.00,9546.00,2707.00,438.00,625.00,639.00,5437.00,861.00,1647.00,91.00,35.00,0.00,1831.00
2022-07-10 19:00:00,698.00,857.00,9604.00,2703.00,412.00,625.00,1010.00,5454.00,674.00,1663.00,0.00,35.00,0.00,1677.00
2022-07-10 20:00:00,699.00,857.00,9950.00,2710.00,406.00,625.00,694.00,4755.00,508.00,1649.00,0.00,35.00,0.00,1356.00
2022-07-10 21:00:00,730.00,856.00,9607.00,2719.00,419.00,625.00,371.00,3504.00,430.00,1644.00,0.00,34.00,0.00,1137.00
2022-07-10 22:00:00,681.00,856.00,7750.00,2727.00,364.00,625.00,195.00,3339.00,310.00,1559.00,0.00,34.00,0.00,1290.00
2022-07-10 23:00:00,680.00,856.00,6696.00,2711.00,293.00,626.00,-2.00,3002.00,208.00,1368.00,0.00,33.00,0.00,1376.00
2022-07-11 00:00:00,674.00,855.00,6633.00,2707.00,293.00,625.00,-230.00,2449.00,206.00,1371.00,0.00,35.00,0.00,1353.00
2022-07-11 01:00:00,681.00,855.00,7688.00,2853.00,296.00,625.00,-212.00,2334.00,206.00,1377.00,0.00,35.00,8.00,1336.00
2022-07-11 02:00:00,688.00,857.00,7775.00,2872.00,293.00,625.00,-237.00,2282.00,206.00,1401.00,0.00,34.00,0.00,1355.00
2022-07-11 03:00:00,687.00,836.00,8711.00,2904.00,370.00,623.00,-1.00,2316.00,243.00,1508.00,4.00,34.00,0.00,1333.00
2022-07-11 04:00:00,687.00,825.00,12306.00,2966.00,408.00,614.00,1.00,2605.00,406.00,1665.00,417.00,36.00,0.00,1171.00
2022-07-11 05:00:00,679.00,821.00,14783.00,3023.00,409.00,608.00,395.00,3598.00,706.00,1836.00,2373.00,36.00,30.00,939.00
2022-07-11 06:00:00,670.00,817.00,14666.00,3059.00,405.00,604.00,809.00,4278.00,780.00,1954.00,5341.00,34.00,30.00,1072.00
2022-07-11 07:00:00,669.00,817.00,14603.00,3039.00,403.00,604.00,436.00,3953.00,552.00,1883.00,7687.00,33.00,29.00,1051.00
2022-07-11 08:00:00,671.00,819.00,13931.00,2987.00,315.00,599.00,169.00,3401.00,429.00,1748.00,9238.00,34.00,1.00,1005.00
2022-07-11 09:00:00,673.00,778.00,13464.00,2908.00,300.00,595.00,86.00,3300.00,425.00,1736.00,10370.00,34.00,30.00,1132.00
2022-07-11 10:00:00,674.00,778.00,12840.00,2891.00,390.00,598.00,91.00,3033.00,301.00,1720.00,10443.00,30.00,27.00,1263.00
2022-07-11 11:00:00,682.00,777.00,13024.00,2847.00,373.00,604.00,92.00,2958.00,295.00,1675.00,10961.00,29.00,6.00,1376.00
2022-07-11 12:00:00,678.00,728.00,13803.00,2812.00,311.00,603.00,91.00,2975.00,308.00,1668.00,10590.00,29.00,0.00,1422.00
2022-07-11 13:00:00,689.00,717.00,14551.00,2815.00,292.00,598.00,94.00,3144.00,377.00,1734.00,9948.00,32.00,0.00,1413.00
2022-07-11 14:00:00,689.00,714.00,15286.00,2818.00,292.00,611.00,251.00,3362.00,416.00,1851.00,8582.00,33.00,0.00,1413.00
2022-07-11 15:00:00,698.00,720.00,16216.00,2947.00,371.00,605.00,381.00,4082.00,417.00,1975.00,6406.00,40.00,0.00,1170.00
2022-07-11 16:00:00,700.00,762.00,17456.00,3128.00,460.00,605.00,489.00,4954.00,528.00,2041.00,3794.00,41.00,0.00,1039.00
2022-07-11 17:00:00,701.00,780.00,18171.00,3153.00,458.00,602.00,1377.00,5650.00,1069.00,2088.00,1398.00,39.00,0.00,855.00
2022-07-11 18:00:00,733.00,783.00,18583.00,3142.00,418.00,610.00,1705.00,5490.00,1186.00,2059.00,180.00,40.00,1.00,566.00
2022-07-11 19:00:00,727.00,785.00,18962.00,3161.00,384.00,610.00,1524.00,4898.00,687.00,2065.00,2.00,42.00,1.00,310.00
2022-07-11 20:00:00,733.00,785.00,18657.00,3208.00,418.00,610.00,461.00,4586.00,541.00,2017.00,1.00,41.00,4.00,212.00
2022-07-11 21:00:00,707.00,784.00,18166.00,3193.00,467.00,607.00,92.00,3600.00,390.00,2060.00,2.00,40.00,3.00,210.00
2022-07-11 22:00:00,731.00,834.00,15182.00,3141.00,402.00,607.00,47.00,2675.00,240.00,1810.00,2.00,41.00,13.00,254.00
2022-07-11 23:00:00,731.00,834.00,13242.00,3271.00,380.00,608.00,40.00,2479.00,238.00,1618.00,4.00,41.00,12.00,298.00
2022-07-12 00:00:00,739.00,833.00,12464.00,3274.00,456.00,608.00,37.00,2386.00,238.00,1589.00,5.00,41.00,0.00,305.00
2022-07-12 01:00:00,718.00,833.00,11127.00,3161.00,384.00,611.00,44.00,2596.00,230.00,1619.00,5.00,42.00,2.00,315.00
