,Biomass,Fossil Gas,Fossil Hard coal,Hydro Pumped Storage,Hydro Run-of-river and poundage,Hydro Water Reservoir,Other,Solar,Wind Offshore,Wind Onshore
2022-06-28 04:00:00,372.00,2658.00,0.00,256.00,77.00,68.00,12.00,0.00,18.00,1042.00
2022-06-28 05:00:00,371.00,2602.00,0.00,820.00,140.00,70.00,11.00,22.00,12.00,975.00
2022-06-28 06:00:00,368.00,2587.00,0.00,778.00,59.00,70.00,11.00,186.00,9.00,855.00
2022-06-28 07:00:00,364.00,2537.00,0.00,12.00,31.00,48.00,11.00,503.00,8.00,701.00
2022-06-28 08:00:00,367.00,2480.00,0.00,-6.00,30.00,42.00,11.00,792.00,8.00,558.00
2022-06-28 09:00:00,366.00,2404.00,0.00,-259.00,124.00,3.00,11.00,1002.00,6.00,466.00
2022-06-28 10:00:00,367.00,2467.00,0.00,-211.00,133.00,3.00,11.00,1138.00,6.00,430.00
2022-06-28 11:00:00,371.00,2239.00,0.00,-136.00,116.00,3.00,11.00,1178.00,8.00,529.00
2022-06-28 12:00:00,375.00,2157.00,0.00,-452.00,207.00,3.00,11.00,1207.00,6.00,771.00
2022-06-28 13:00:00,377.00,1992.00,0.00,-456.00,34.00,3.00,12.00,1182.00,5.00,1085.00
2022-06-28 14:00:00,378.00,2002.00,0.00,-681.00,34.00,12.00,11.00,1121.00,5.00,1436.00
2022-06-28 15:00:00,376.00,2015.00,0.00,-765.00,33.00,7.00,11.00,992.00,5.00,1736.00
2022-06-28 16:00:00,373.00,2259.00,0.00,-741.00,23.00,3.00,11.00,802.00,7.00,1996.00
2022-06-28 17:00:00,374.00,2522.00,0.00,-234.00,26.00,4.00,12.00,539.00,3.00,2267.00
2022-06-28 18:00:00,370.00,2549.00,0.00,306.00,167.00,64.00,11.00,226.00,2.00,2455.00
2022-06-28 19:00:00,375.00,2611.00,0.00,662.00,364.00,146.00,11.00,36.00,2.00,2410.00
2022-06-28 20:00:00,374.00,2650.00,0.00,610.00,426.00,93.00,11.00,0.00,1.00,2338.00
2022-06-28 21:00:00,367.00,2483.00,0.00,197.00,63.00,78.00,11.00,0.00,1.00,2387.00
2022-06-28 22:00:00,371.00,2433.00,0.00,545.00,176.00,21.00,11.00,0.00,1.00,2422.00
2022-06-28 23:00:00,370.00,2207.00,0.00,297.00,131.00,22.00,11.00,0.00,0.00,2390.00
2022-06-29 00:00:00,368.00,2422.00,0.00,142.00,140.00,30.00,11.00,0.00,2.00,2292.00
2022-06-29 01:00:00,367.00,2222.00,0.00,110.00,33.00,35.00,11.00,0.00,10.00,2255.00
2022-06-29 02:00:00,367.00,2490.00,0.00,230.00,23.00,39.00,11.00,0.00,9.00,2157.00
2022-06-29 03:00:00,369.00,2488.00,0.00,461.00,25.00,73.00,12.00,0.00,10.00,2096.00
2022-06-29 04:00:00,368.00,2689.00,0.00,645.00,337.00,156.00,11.00,0.00,14.00,2110.00
2022-06-29 05:00:00,370.00,2713.00,0.00,995.00,527.00,199.00,11.00,19.00,11.00,1924.00
2022-06-29 06:00:00,366.00,2715.00,0.00,927.00,496.00,152.00,11.00,169.00,11.00,1703.00
2022-06-29 07:00:00,372.00,2647.00,0.00,693.00,30.00,48.00,11.00,438.00,10.00,1568.00
2022-06-29 08:00:00,376.00,2622.00,0.00,73.00,39.00,45.00,11.00,692.00,11.00,1369.00
2022-06-29 09:00:00,373.00,2496.00,0.00,-83.00,41.00,11.00,11.00,901.00,6.00,1280.00
2022-06-29 10:00:00,356.00,2547.00,0.00,4.00,44.00,3.00,11.00,1061.00,9.00,1210.00
2022-06-29 11:00:00,357.00,2418.00,0.00,-23.00,38.00,3.00,11.00,1167.00,11.00,1326.00
2022-06-29 12:00:00,369.00,2198.00,0.00,-486.00,33.00,10.00,11.00,1208.00,11.00,1628.00
2022-06-29 13:00:00,379.00,2139.00,0.00,-994.00,34.00,9.00,11.00,1188.00,13.00,1941.00
2022-06-29 14:00:00,401.00,2224.00,0.00,-1177.00,28.00,3.00,12.00,1124.00,17.00,2234.00
2022-06-29 15:00:00,404.00,2237.00,0.00,-1679.00,22.00,3.00,14.00,1009.00,21.00,2582.00
2022-06-29 16:00:00,405.00,2196.00,0.00,-1597.00,20.00,7.00,13.00,814.00,25.00,2889.00
2022-06-29 17:00:00,402.00,2348.00,0.00,-1119.00,20.00,9.00,11.00,541.00,25.00,3057.00
2022-06-29 18:00:00,402.00,2482.00,0.00,-569.00,32.00,5.00,11.00,226.00,25.00,2981.00
2022-06-29 19:00:00,403.00,2535.00,0.00,32.00,217.00,108.00,11.00,33.00,25.00,2861.00
2022-06-29 20:00:00,408.00,2462.00,0.00,419.00,292.00,69.00,11.00,0.00,25.00,2890.00
2022-06-29 21:00:00,404.00,2689.00,0.00,-83.00,27.00,65.00,11.00,0.00,25.00,2892.00
2022-06-29 22:00:00,407.00,2649.00,0.00,155.00,18.00,3.00,11.00,0.00,25.00,2874.00
2022-06-29 23:00:00,407.00,2404.00,0.00,12.00,20.00,3.00,11.00,0.00,25.00,2933.00
2022-06-30 00:00:00,406.00,2323.00,0.00,-3.00,18.00,3.00,11.00,0.00,25.00,2933.00
2022-06-30 01:00:00,406.00,2206.00,0.00,97.00,19.00,3.00,11.00,0.00,20.00,3014.00
2022-06-30 02:00:00,404.00,2148.00,0.00,-3.00,23.00,3.00,11.00,0.00,17.00,2991.00
2022-06-30 03:00:00,405.00,2058.00,0.00,84.00,187.00,32.00,11.00,0.00,11.00,3004.00
2022-06-30 04:00:00,408.00,2321.00,0.00,804.00,315.00,35.00,11.00,0.00,7.00,2949.00
2022-06-30 05:00:00,397.00,2320.00,0.00,1261.00,634.00,37.00,11.00,19.00,11.00,2815.00
2022-06-30 06:00:00,396.00,2337.00,0.00,429.00,325.00,33.00,11.00,178.00,9.00,2605.00
2022-06-30 07:00:00,396.00,2304.00,0.00,601.00,104.00,13.00,11.00,492.00,10.00,2282.00
2022-06-30 08:00:00,397.00,2246.00,0.00,228.00,100.00,40.00,11.00,789.00,7.00,1929.00
2022-06-30 09:00:00,405.00,1962.00,0.00,69.00,28.00,3.00,11.00,1000.00,6.00,1541.00
2022-06-30 10:00:00,401.00,1839.00,0.00,131.00,27.00,3.00,11.00,1135.00,7.00,1398.00
2022-06-30 11:00:00,400.00,1704.00,0.00,-102.00,30.00,3.00,13.00,1174.00,7.00,1448.00
2022-06-30 12:00:00,403.00,1675.00,0.00,-701.00,27.00,3.00,14.00,1189.00,9.00,1620.00
2022-06-30 13:00:00,401.00,1730.00,0.00,-761.00,25.00,3.00,14.00,1129.00,10.00,1694.00
2022-06-30 14:00:00,402.00,1700.00,0.00,-577.00,22.00,4.00,12.00,1089.00,10.00,1831.00
2022-06-30 15:00:00,401.00,1772.00,0.00,-345.00,21.00,8.00,11.00,924.00,13.00,1938.00
2022-06-30 16:00:00,406.00,1693.00,0.00,-51.00,24.00,8.00,13.00,764.00,14.00,2079.00
2022-06-30 17:00:00,402.00,1994.00,0.00,-225.00,24.00,4.00,13.00,533.00,15.00,2203.00
2022-06-30 18:00:00,402.00,2257.00,0.00,151.00,75.00,69.00,11.00,234.00,13.00,2202.00
2022-06-30 19:00:00,407.00,2343.00,0.00,1178.00,541.00,81.00,12.00,42.00,11.00,2118.00
2022-06-30 20:00:00,411.00,2354.00,0.00,875.00,596.00,108.00,16.00,0.00,11.00,2055.00
2022-06-30 21:00:00,407.00,2323.00,0.00,327.00,304.00,62.00,18.00,0.00,13.00,2126.00
2022-06-30 22:00:00,395.00,2314.00,0.00,180.00,494.00,34.00,17.00,0.00,11.00,2167.00
2022-06-30 23:00:00,389.00,2063.00,0.00,409.00,205.00,34.00,17.00,0.00,10.00,2020.00
2022-07-01 00:00:00,388.00,2103.00,0.00,63.00,21.00,3.00,17.00,0.00,8.00,1815.00
2022-07-01 01:00:00,384.00,2062.00,0.00,34.00,23.00,35.00,16.00,0.00,5.00,1743.00
2022-07-01 02:00:00,388.00,2028.00,0.00,-78.00,28.00,3.00,16.00,0.00,5.00,1868.00
2022-07-01 03:00:00,388.00,2080.00,0.00,79.00,30.00,3.00,14.00,0.00,4.00,1885.00
2022-07-01 04:00:00,389.00,2218.00,0.00,-10.00,280.00,3.00,13.00,0.00,3.00,1859.00
2022-07-01 05:00:00,390.00,2353.00,0.00,365.00,428.00,33.00,12.00,18.00,3.00,1779.00
2022-07-01 06:00:00,389.00,2382.00,0.00,21.00,421.00,33.00,12.00,168.00,2.00,1524.00
2022-07-01 07:00:00,384.00,2316.00,0.00,-51.00,35.00,42.00,12.00,474.00,2.00,1007.00
2022-07-01 08:00:00,393.00,2265.00,0.00,212.00,105.00,46.00,18.00,765.00,2.00,625.00
2022-07-01 09:00:00,403.00,2194.00,0.00,278.00,49.00,41.00,20.00,977.00,2.00,448.00
2022-07-01 10:00:00,400.00,2164.00,0.00,922.00,206.00,32.00,19.00,1112.00,4.00,334.00
2022-07-01 11:00:00,408.00,2052.00,0.00,759.00,236.00,34.00,19.00,1169.00,8.00,346.00
2022-07-01 12:00:00,409.00,2061.00,0.00,206.00,166.00,34.00,20.00,1181.00,9.00,394.00
2022-07-01 13:00:00,404.00,1988.00,0.00,115.00,120.00,3.00,21.00,1165.00,9.00,479.00
2022-07-01 14:00:00,406.00,1910.00,0.00,-42.00,26.00,3.00,22.00,1101.00,16.00,600.00
2022-07-01 15:00:00,410.00,2092.00,0.00,-249.00,23.00,3.00,21.00,979.00,17.00,705.00
2022-07-01 16:00:00,411.00,1972.00,0.00,-116.00,19.00,3.00,23.00,788.00,14.00,817.00
2022-07-01 17:00:00,411.00,2299.00,0.00,-7.00,26.00,3.00,23.00,521.00,23.00,863.00
2022-07-01 18:00:00,415.00,2315.00,0.00,944.00,340.00,60.00,26.00,216.00,23.00,905.00
2022-07-01 19:00:00,418.00,2283.00,0.00,1066.00,738.00,221.00,29.00,34.00,23.00,949.00
2022-07-01 20:00:00,421.00,2328.00,0.00,813.00,923.00,262.00,28.00,0.00,22.00,946.00
2022-07-01 21:00:00,422.00,2289.00,0.00,361.00,651.00,50.00,28.00,0.00,19.00,960.00
2022-07-01 22:00:00,420.00,2165.00,0.00,833.00,328.00,219.00,29.00,0.00,13.00,993.00
2022-07-01 23:00:00,415.00,1933.00,0.00,666.00,109.00,173.00,29.00,0.00,8.00,884.00
2022-07-02 00:00:00,420.00,1862.00,0.00,400.00,19.00,174.00,29.00,0.00,7.00,791.00
2022-07-02 01:00:00,425.00,1927.00,0.00,322.00,19.00,144.00,29.00,0.00,6.00,657.00
2022-07-02 02:00:00,426.00,1893.00,0.00,295.00,17.00,143.00,30.00,0.00,6.00,567.00
2022-07-02 03:00:00,432.00,1906.00,0.00,345.00,18.00,112.00,30.00,0.00,2.00,639.00
2022-07-02 04:00:00,433.00,1913.00,0.00,768.00,69.00,143.00,29.00,0.00,0.00,647.00
2022-07-02 05:00:00,434.00,1937.00,0.00,305.00,78.00,144.00,28.00,15.00,0.00,641.00
2022-07-02 06:00:00,433.00,1722.00,0.00,150.00,62.00,66.00,29.00,154.00,0.00,523.00
2022-07-02 07:00:00,426.00,1542.00,0.00,-6.00,101.00,43.00,30.00,435.00,0.00,401.00
2022-07-02 08:00:00,432.00,1541.00,0.00,-120.00,106.00,10.00,30.00,726.00,0.00,224.00
2022-07-02 09:00:00,439.00,1490.00,0.00,-194.00,113.00,12.00,30.00,925.00,0.00,155.00
2022-07-02 10:00:00,436.00,1511.00,0.00,-213.00,175.00,25.00,30.00,1060.00,0.00,164.00
2022-07-02 11:00:00,434.00,1467.00,0.00,-214.00,153.00,3.00,30.00,1128.00,0.00,231.00
2022-07-02 12:00:00,433.00,1434.00,0.00,-252.00,133.00,3.00,30.00,1140.00,1.00,276.00
2022-07-02 13:00:00,433.00,1410.00,0.00,-1181.00,24.00,3.00,29.00,1108.00,3.00,325.00
2022-07-02 14:00:00,434.00,1433.00,0.00,-1438.00,20.00,3.00,30.00,1040.00,5.00,383.00
2022-07-02 15:00:00,432.00,1469.00,0.00,-1343.00,18.00,3.00,30.00,912.00,6.00,475.00
2022-07-02 16:00:00,427.00,1461.00,0.00,-1273.00,15.00,3.00,30.00,748.00,15.00,573.00
2022-07-02 17:00:00,428.00,1587.00,0.00,74.00,15.00,3.00,30.00,483.00,22.00,750.00
2022-07-02 18:00:00,428.00,1859.00,0.00,590.00,50.00,112.00,30.00,198.00,11.00,803.00
2022-07-02 19:00:00,430.00,1929.00,0.00,1587.00,556.00,258.00,30.00,34.00,18.00,804.00
2022-07-02 20:00:00,437.00,1933.00,0.00,1692.00,599.00,303.00,30.00,0.00,25.00,841.00
2022-07-02 21:00:00,433.00,1840.00,0.00,1165.00,486.00,176.00,30.00,0.00,25.00,757.00
2022-07-02 22:00:00,436.00,1735.00,0.00,1204.00,316.00,123.00,30.00,0.00,23.00,668.00
2022-07-02 23:00:00,435.00,1575.00,0.00,637.00,162.00,121.00,30.00,0.00,24.00,570.00
2022-07-03 00:00:00,431.00,1620.00,0.00,174.00,18.00,109.00,30.00,0.00,21.00,401.00
2022-07-03 01:00:00,431.00,1632.00,0.00,-3.00,19.00,5.00,30.00,0.00,21.00,343.00
2022-07-03 02:00:00,426.00,1619.00,0.00,210.00,52.00,167.00,30.00,0.00,12.00,331.00
2022-07-03 03:00:00,423.00,1627.00,0.00,263.00,35.00,153.00,29.00,0.00,9.00,322.00
2022-07-03 04:00:00,412.00,1575.00,0.00,287.00,42.00,153.00,28.00,0.00,8.00,376.00
2022-07-03 05:00:00,403.00,1571.00,0.00,128.00,69.00,369.00,27.00,9.00,6.00,500.00
2022-07-03 06:00:00,400.00,1565.00,0.00,-2.00,118.00,370.00,28.00,89.00,2.00,479.00
2022-07-03 07:00:00,397.00,1566.00,0.00,-4.00,129.00,340.00,18.00,264.00,1.00,362.00
2022-07-03 08:00:00,390.00,1580.00,0.00,64.00,237.00,333.00,11.00,426.00,4.00,362.00
2022-07-03 09:00:00,393.00,1588.00,0.00,222.00,131.00,274.00,14.00,636.00,3.00,340.00
2022-07-03 10:00:00,416.00,1310.00,0.00,-95.00,154.00,9.00,27.00,862.00,1.00,176.00
2022-07-03 11:00:00,419.00,1178.00,0.00,-62.00,49.00,2.00,28.00,990.00,2.00,222.00
2022-07-03 12:00:00,418.00,1191.00,0.00,-476.00,21.00,2.00,28.00,1086.00,1.00,173.00
2022-07-03 13:00:00,415.00,1188.00,0.00,-687.00,22.00,2.00,29.00,1099.00,1.00,193.00
2022-07-03 14:00:00,416.00,1228.00,0.00,-1138.00,19.00,2.00,29.00,1046.00,0.00,205.00
2022-07-03 15:00:00,420.00,1183.00,0.00,-1095.00,19.00,2.00,29.00,941.00,3.00,346.00
2022-07-03 16:00:00,408.00,1201.00,0.00,-1393.00,21.00,2.00,29.00,760.00,3.00,501.00
2022-07-03 17:00:00,404.00,1213.00,0.00,-902.00,20.00,2.00,30.00,501.00,1.00,635.00
2022-07-03 18:00:00,408.00,1336.00,0.00,209.00,27.00,13.00,30.00,205.00,2.00,728.00
2022-07-03 19:00:00,406.00,1519.00,0.00,1179.00,169.00,207.00,30.00,33.00,5.00,720.00
2022-07-03 20:00:00,407.00,1614.00,0.00,1593.00,521.00,447.00,30.00,0.00,4.00,650.00
2022-07-03 21:00:00,407.00,1634.00,0.00,585.00,414.00,163.00,30.00,0.00,2.00,549.00
2022-07-03 22:00:00,405.00,1596.00,0.00,496.00,361.00,111.00,30.00,0.00,4.00,361.00
2022-07-03 23:00:00,395.00,1557.00,0.00,490.00,21.00,121.00,30.00,0.00,6.00,193.00
2022-07-04 00:00:00,399.00,1545.00,0.00,47.00,19.00,4.00,30.00,0.00,6.00,156.00
2022-07-04 01:00:00,396.00,1602.00,0.00,58.00,21.00,2.00,30.00,0.00,6.00,253.00
2022-07-04 02:00:00,399.00,1658.00,0.00,-212.00,21.00,2.00,30.00,0.00,2.00,337.00
2022-07-04 03:00:00,396.00,1766.00,0.00,-191.00,20.00,4.00,30.00,0.00,1.00,323.00
2022-07-04 04:00:00,396.00,1898.00,0.00,212.00,38.00,160.00,28.00,0.00,0.00,281.00
2022-07-04 05:00:00,396.00,1992.00,0.00,940.00,554.00,349.00,28.00,7.00,0.00,255.00
2022-07-04 06:00:00,405.00,1986.00,0.00,1004.00,560.00,190.00,29.00,66.00,0.00,270.00
2022-07-04 07:00:00,406.00,2172.00,0.00,312.00,242.00,177.00,30.00,181.00,0.00,207.00
2022-07-04 08:00:00,406.00,2190.00,0.00,166.00,152.00,90.00,30.00,386.00,0.00,112.00
2022-07-04 09:00:00,393.00,2130.00,0.00,45.00,65.00,2.00,30.00,665.00,0.00,69.00
2022-07-04 10:00:00,388.00,2033.00,0.00,-4.00,83.00,10.00,29.00,945.00,0.00,57.00
2022-07-04 11:00:00,373.00,1926.00,0.00,-3.00,72.00,9.00,27.00,1112.00,0.00,53.00
2022-07-04 12:00:00,373.00,1911.00,0.00,-4.00,17.00,3.00,30.00,1179.00,0.00,93.00
2022-07-04 13:00:00,373.00,1945.00,0.00,-77.00,19.00,2.00,30.00,1149.00,0.00,153.00
2022-07-04 14:00:00,388.00,1976.00,0.00,-80.00,18.00,2.00,30.00,1089.00,0.00,217.00
2022-07-04 15:00:00,392.00,1969.00,0.00,-42.00,16.00,2.00,30.00,971.00,1.00,333.00
2022-07-04 16:00:00,399.00,1953.00,0.00,-344.00,15.00,2.00,28.00,784.00,4.00,586.00
2022-07-04 17:00:00,404.00,2194.00,0.00,-448.00,21.00,9.00,28.00,513.00,7.00,737.00
2022-07-04 18:00:00,407.00,2349.00,0.00,357.00,352.00,204.00,30.00,213.00,10.00,759.00
2022-07-04 19:00:00,392.00,2465.00,0.00,889.00,493.00,548.00,30.00,33.00,10.00,684.00
2022-07-04 20:00:00,395.00,2614.00,0.00,760.00,524.00,474.00,29.00,0.00,4.00,601.00
2022-07-04 21:00:00,403.00,2510.00,0.00,56.00,396.00,330.00,29.00,0.00,6.00,538.00
2022-07-04 22:00:00,408.00,2586.00,0.00,173.00,333.00,236.00,29.00,0.00,3.00,478.00
2022-07-04 23:00:00,399.00,2504.00,0.00,-31.00,136.00,49.00,29.00,0.00,0.00,393.00
2022-07-05 00:00:00,402.00,2474.00,0.00,-449.00,114.00,31.00,30.00,0.00,0.00,447.00
2022-07-05 01:00:00,411.00,2516.00,0.00,-678.00,24.00,3.00,29.00,0.00,0.00,558.00
2022-07-05 02:00:00,405.00,2577.00,0.00,-954.00,17.00,3.00,28.00,0.00,0.00,684.00
2022-07-05 03:00:00,404.00,2475.00,0.00,-906.00,16.00,3.00,29.00,0.00,0.00,786.00
2022-07-05 04:00:00,405.00,2548.00,0.00,-227.00,16.00,3.00,29.00,0.00,0.00,896.00
2022-07-05 05:00:00,408.00,2596.00,0.00,-7.00,37.00,128.00,28.00,12.00,0.00,995.00
2022-07-05 06:00:00,412.00,2644.00,0.00,141.00,39.00,150.00,29.00,119.00,0.00,874.00
2022-07-05 07:00:00,413.00,2606.00,0.00,-56.00,30.00,99.00,30.00,336.00,0.00,656.00
2022-07-05 08:00:00,418.00,2565.00,0.00,-86.00,43.00,241.00,29.00,617.00,0.00,367.00
2022-07-05 09:00:00,409.00,2522.00,0.00,-49.00,39.00,164.00,30.00,875.00,0.00,209.00
2022-07-05 10:00:00,408.00,2449.00,0.00,-4.00,36.00,42.00,30.00,1100.00,0.00,147.00
2022-07-05 11:00:00,406.00,2502.00,0.00,19.00,24.00,59.00,30.00,1206.00,0.00,140.00
2022-07-05 12:00:00,411.00,2530.00,0.00,-113.00,24.00,2.00,29.00,1220.00,0.00,173.00
2022-07-05 13:00:00,405.00,2324.00,0.00,-391.00,24.00,1.00,28.00,1188.00,1.00,289.00
2022-07-05 14:00:00,398.00,2288.00,0.00,-717.00,23.00,1.00,29.00,1100.00,2.00,561.00
2022-07-05 15:00:00,382.00,2266.00,0.00,-879.00,23.00,1.00,27.00,894.00,7.00,813.00
2022-07-05 16:00:00,381.00,2247.00,0.00,-728.00,22.00,4.00,29.00,712.00,17.00,1539.00
2022-07-05 17:00:00,381.00,2261.00,0.00,-1378.00,21.00,2.00,29.00,505.00,23.00,1984.00
2022-07-05 18:00:00,382.00,2461.00,0.00,230.00,34.00,94.00,29.00,207.00,17.00,1220.00
2022-07-05 19:00:00,393.00,2529.00,0.00,111.00,381.00,144.00,29.00,34.00,2.00,1892.00
2022-07-05 20:00:00,389.00,2623.00,0.00,-478.00,388.00,121.00,28.00,0.00,3.00,2225.00
2022-07-05 21:00:00,396.00,2572.00,0.00,-514.00,34.00,36.00,27.00,0.00,1.00,1992.00
2022-07-05 22:00:00,392.00,2435.00,0.00,-423.00,18.00,3.00,28.00,0.00,0.00,1942.00
2022-07-05 23:00:00,394.00,2224.00,0.00,-673.00,18.00,2.00,27.00,0.00,1.00,1852.00
2022-07-06 00:00:00,395.00,2062.00,0.00,-856.00,22.00,3.00,28.00,0.00,4.00,1831.00
2022-07-06 01:00:00,393.00,2039.00,0.00,-663.00,22.00,2.00,29.00,0.00,7.00,1687.00
2022-07-06 02:00:00,395.00,2031.00,0.00,-302.00,98.00,2.00,29.00,0.00,1.00,1348.00
2022-07-06 03:00:00,391.00,1914.00,0.00,71.00,54.00,3.00,28.00,0.00,0.00,1477.00
2022-07-06 04:00:00,392.00,2181.00,0.00,276.00,17.00,49.00,28.00,0.00,1.00,1644.00
2022-07-06 05:00:00,389.00,2247.00,0.00,747.00,72.00,84.00,28.00,6.00,0.00,1639.00
2022-07-06 06:00:00,398.00,2196.00,0.00,448.00,91.00,83.00,28.00,71.00,0.00,1848.00
2022-07-06 07:00:00,395.00,2220.00,0.00,-130.00,79.00,52.00,28.00,199.00,0.00,1734.00
2022-07-06 08:00:00,390.00,2156.00,0.00,185.00,97.00,127.00,27.00,475.00,0.00,1353.00
2022-07-06 09:00:00,384.00,2068.00,0.00,-95.00,52.00,30.00,29.00,879.00,0.00,1024.00
2022-07-06 10:00:00,380.00,2162.00,0.00,-212.00,43.00,1.00,30.00,1107.00,1.00,803.00
2022-07-06 11:00:00,372.00,2061.00,0.00,-235.00,31.00,1.00,30.00,1192.00,1.00,689.00
2022-07-06 12:00:00,370.00,2055.00,0.00,-541.00,25.00,1.00,30.00,1208.00,2.00,684.00
2022-07-06 13:00:00,366.00,1984.00,0.00,-452.00,24.00,1.00,29.00,1195.00,3.00,654.00
2022-07-06 14:00:00,349.00,2036.00,0.00,-218.00,28.00,1.00,17.00,1131.00,4.00,598.00
2022-07-06 15:00:00,368.00,2023.00,0.00,-576.00,26.00,1.00,28.00,994.00,7.00,629.00
2022-07-06 16:00:00,368.00,1967.00,0.00,-658.00,25.00,11.00,28.00,799.00,10.00,791.00
2022-07-06 17:00:00,364.00,2095.00,0.00,-1.00,24.00,13.00,27.00,515.00,9.00,888.00
2022-07-06 18:00:00,369.00,2280.00,0.00,1455.00,95.00,197.00,28.00,210.00,14.00,936.00
2022-07-06 19:00:00,376.00,2252.00,0.00,1893.00,464.00,381.00,27.00,33.00,20.00,977.00
2022-07-06 20:00:00,363.00,2264.00,0.00,1704.00,532.00,286.00,27.00,0.00,19.00,1343.00
2022-07-06 21:00:00,343.00,2157.00,0.00,1304.00,166.00,132.00,27.00,0.00,15.00,1650.00
2022-07-06 22:00:00,333.00,2144.00,0.00,700.00,75.00,50.00,28.00,0.00,23.00,2113.00
2022-07-06 23:00:00,331.00,1976.00,0.00,-130.00,62.00,12.00,29.00,0.00,11.00,2535.00
2022-07-07 00:00:00,330.00,1969.00,0.00,-529.00,21.00,2.00,29.00,0.00,0.00,2818.00
2022-07-07 01:00:00,326.00,1973.00,0.00,-767.00,20.00,2.00,28.00,0.00,0.00,2929.00
2022-07-07 02:00:00,329.00,1916.00,0.00,-749.00,20.00,3.00,29.00,0.00,0.00,2921.00
2022-07-07 03:00:00,329.00,1978.00,0.00,-560.00,18.00,3.00,28.00,0.00,0.00,3004.00
2022-07-07 04:00:00,329.00,2120.00,0.00,-154.00,20.00,3.00,28.00,0.00,0.00,2993.00
2022-07-07 05:00:00,336.00,2252.00,0.00,38.00,38.00,34.00,28.00,14.00,0.00,2998.00
2022-07-07 06:00:00,332.00,2331.00,0.00,-225.00,177.00,34.00,27.00,153.00,0.00,2916.00
2022-07-07 07:00:00,353.00,2174.00,0.00,-769.00,29.00,45.00,28.00,458.00,0.00,2689.00
2022-07-07 08:00:00,369.00,2195.00,0.00,-1187.00,37.00,45.00,28.00,750.00,0.00,2311.00
2022-07-07 09:00:00,381.00,2218.00,0.00,-1474.00,37.00,36.00,28.00,964.00,2.00,1794.00
2022-07-07 10:00:00,382.00,2219.00,0.00,-1357.00,37.00,3.00,29.00,1102.00,1.00,1379.00
2022-07-07 11:00:00,374.00,2135.00,0.00,-782.00,31.00,11.00,29.00,1168.00,0.00,980.00
2022-07-07 12:00:00,376.00,2092.00,0.00,-812.00,26.00,10.00,29.00,1191.00,1.00,622.00
2022-07-07 13:00:00,392.00,2096.00,0.00,-564.00,26.00,11.00,29.00,1171.00,2.00,485.00
2022-07-07 14:00:00,394.00,2009.00,0.00,-454.00,20.00,70.00,28.00,1083.00,4.00,520.00
2022-07-07 15:00:00,397.00,2003.00,0.00,-319.00,19.00,33.00,28.00,951.00,5.00,554.00
2022-07-07 16:00:00,398.00,2096.00,0.00,-327.00,19.00,3.00,28.00,763.00,12.00,567.00
2022-07-07 17:00:00,394.00,2163.00,0.00,-100.00,17.00,11.00,28.00,501.00,18.00,641.00
2022-07-07 18:00:00,398.00,2194.00,0.00,485.00,189.00,178.00,28.00,205.00,20.00,749.00
2022-07-07 19:00:00,408.00,2195.00,0.00,1740.00,474.00,284.00,28.00,32.00,20.00,922.00
2022-07-07 20:00:00,408.00,2192.00,0.00,1353.00,449.00,230.00,28.00,0.00,18.00,1310.00
2022-07-07 21:00:00,413.00,2212.00,0.00,976.00,66.00,163.00,29.00,0.00,14.00,1739.00
2022-07-07 22:00:00,413.00,2187.00,0.00,582.00,60.00,124.00,28.00,0.00,9.00,2124.00
2022-07-07 23:00:00,415.00,2191.00,0.00,-453.00,54.00,3.00,29.00,0.00,15.00,2504.00
2022-07-08 00:00:00,415.00,2230.00,0.00,-840.00,20.00,2.00,29.00,0.00,9.00,2574.00
2022-07-08 01:00:00,413.00,2248.00,0.00,-1245.00,21.00,2.00,29.00,0.00,2.00,2539.00
2022-07-08 02:00:00,411.00,2258.00,0.00,-989.00,20.00,2.00,28.00,0.00,3.00,2505.00
2022-07-08 03:00:00,415.00,2210.00,0.00,-538.00,18.00,2.00,28.00,0.00,1.00,2502.00
2022-07-08 04:00:00,404.00,2414.00,0.00,-566.00,21.00,3.00,13.00,0.00,2.00,2515.00
2022-07-08 05:00:00,410.00,2522.00,0.00,-3.00,36.00,34.00,21.00,14.00,3.00,2519.00
2022-07-08 06:00:00,414.00,2597.00,0.00,-543.00,36.00,34.00,29.00,151.00,1.00,2575.00
2022-07-08 07:00:00,409.00,2547.00,0.00,-1726.00,23.00,45.00,25.00,449.00,1.00,2147.00
2022-07-08 08:00:00,393.00,2546.00,0.00,-1640.00,31.00,45.00,17.00,735.00,1.00,1595.00
2022-07-08 09:00:00,403.00,2455.00,0.00,-930.00,33.00,37.00,28.00,945.00,0.00,1121.00
2022-07-08 10:00:00,411.00,2435.00,0.00,50.00,33.00,74.00,28.00,1091.00,0.00,697.00
2022-07-08 11:00:00,412.00,2388.00,0.00,558.00,41.00,50.00,28.00,1159.00,1.00,430.00
2022-07-08 12:00:00,407.00,2365.00,0.00,524.00,249.00,108.00,27.00,1165.00,3.00,266.00
2022-07-08 13:00:00,403.00,2317.00,0.00,250.00,226.00,123.00,28.00,1152.00,6.00,207.00
2022-07-08 14:00:00,407.00,2323.00,0.00,14.00,135.00,49.00,28.00,1077.00,12.00,235.00
2022-07-08 15:00:00,408.00,2218.00,0.00,-48.00,25.00,80.00,27.00,961.00,14.00,311.00
2022-07-08 16:00:00,412.00,2235.00,0.00,-148.00,19.00,66.00,28.00,762.00,18.00,398.00
2022-07-08 17:00:00,413.00,2378.00,0.00,149.00,24.00,109.00,28.00,503.00,22.00,522.00
2022-07-08 18:00:00,411.00,2559.00,0.00,1540.00,242.00,245.00,28.00,204.00,22.00,574.00
2022-07-08 19:00:00,408.00,2509.00,0.00,1743.00,705.00,633.00,28.00,32.00,20.00,575.00
2022-07-08 20:00:00,418.00,2543.00,0.00,1666.00,730.00,660.00,28.00,0.00,19.00,655.00
2022-07-08 21:00:00,420.00,2585.00,0.00,865.00,86.00,203.00,29.00,0.00,15.00,731.00
2022-07-08 22:00:00,421.00,2384.00,0.00,633.00,19.00,49.00,28.00,0.00,10.00,783.00
2022-07-08 23:00:00,425.00,2225.00,0.00,494.00,16.00,49.00,28.00,0.00,3.00,854.00
2022-07-09 00:00:00,426.00,2058.00,0.00,233.00,71.00,55.00,29.00,0.00,8.00,980.00
2022-07-09 01:00:00,421.00,1909.00,0.00,-109.00,19.00,32.00,29.00,0.00,5.00,1211.00
2022-07-09 02:00:00,424.00,1914.00,0.00,103.00,23.00,23.00,28.00,0.00,0.00,1384.00
2022-07-09 03:00:00,424.00,1938.00,0.00,436.00,23.00,48.00,27.00,0.00,0.00,1495.00
2022-07-09 04:00:00,424.00,1961.00,0.00,944.00,23.00,48.00,27.00,0.00,1.00,1542.00
2022-07-09 05:00:00,426.00,1978.00,0.00,136.00,32.00,2.00,26.00,14.00,0.00,1489.00
2022-07-09 06:00:00,427.00,1952.00,0.00,109.00,33.00,2.00,28.00,148.00,0.00,1337.00
2022-07-09 07:00:00,430.00,1893.00,0.00,-377.00,46.00,12.00,28.00,437.00,0.00,1114.00
2022-07-09 08:00:00,429.00,1847.00,0.00,-324.00,35.00,11.00,28.00,727.00,0.00,814.00
2022-07-09 09:00:00,425.00,1778.00,0.00,160.00,35.00,6.00,27.00,950.00,0.00,482.00
2022-07-09 10:00:00,421.00,1754.00,0.00,153.00,29.00,4.00,27.00,1093.00,0.00,285.00
2022-07-09 11:00:00,421.00,1720.00,0.00,94.00,27.00,110.00,27.00,1168.00,0.00,189.00
2022-07-09 12:00:00,420.00,1678.00,0.00,22.00,24.00,86.00,27.00,1182.00,0.00,150.00
2022-07-09 13:00:00,415.00,1647.00,0.00,261.00,91.00,100.00,26.00,1165.00,0.00,204.00
2022-07-09 14:00:00,413.00,1634.00,0.00,123.00,89.00,101.00,27.00,1100.00,2.00,277.00
2022-07-09 15:00:00,412.00,1678.00,0.00,-100.00,70.00,50.00,28.00,970.00,5.00,430.00
2022-07-09 16:00:00,404.00,1679.00,0.00,191.00,21.00,49.00,27.00,769.00,5.00,710.00
2022-07-09 17:00:00,406.00,1763.00,0.00,29.00,19.00,9.00,27.00,495.00,5.00,1101.00
2022-07-09 18:00:00,407.00,1911.00,0.00,991.00,86.00,173.00,28.00,198.00,5.00,1243.00
2022-07-09 19:00:00,407.00,1875.00,0.00,1448.00,495.00,327.00,27.00,30.00,6.00,1332.00
2022-07-09 20:00:00,405.00,1857.00,0.00,1355.00,403.00,263.00,28.00,0.00,7.00,1401.00
2022-07-09 21:00:00,404.00,1832.00,0.00,250.00,128.00,111.00,27.00,0.00,9.00,1399.00
2022-07-09 22:00:00,397.00,1894.00,0.00,399.00,15.00,42.00,28.00,0.00,9.00,1333.00
2022-07-09 23:00:00,395.00,1820.00,0.00,-76.00,13.00,5.00,28.00,0.00,6.00,1219.00
2022-07-10 00:00:00,394.00,1884.00,0.00,-449.00,14.00,2.00,28.00,0.00,5.00,1100.00
2022-07-10 01:00:00,392.00,1921.00,0.00,-329.00,20.00,2.00,29.00,0.00,4.00,1064.00
2022-07-10 02:00:00,391.00,1928.00,0.00,-101.00,34.00,2.00,28.00,0.00,3.00,1091.00
2022-07-10 03:00:00,392.00,1978.00,0.00,-99.00,32.00,3.00,26.00,0.00,5.00,1057.00
2022-07-10 04:00:00,401.00,1938.00,0.00,-100.00,19.00,34.00,26.00,0.00,3.00,1047.00
2022-07-10 05:00:00,393.00,1774.00,0.00,-337.00,19.00,34.00,25.00,14.00,2.00,988.00
2022-07-10 06:00:00,397.00,1634.00,0.00,-844.00,19.00,3.00,26.00,146.00,1.00,875.00
2022-07-10 07:00:00,404.00,1568.00,0.00,-1929.00,22.00,13.00,27.00,434.00,1.00,732.00
2022-07-10 08:00:00,405.00,1551.00,0.00,-2107.00,34.00,13.00,27.00,727.00,2.00,484.00
2022-07-10 09:00:00,400.00,1565.00,0.00,-1219.00,36.00,5.00,27.00,948.00,2.00,266.00
2022-07-10 10:00:00,400.00,1540.00,0.00,-765.00,32.00,3.00,28.00,1091.00,3.00,188.00
2022-07-10 11:00:00,398.00,1486.00,0.00,-352.00,26.00,55.00,27.00,1167.00,3.00,206.00
2022-07-10 12:00:00,398.00,1449.00,0.00,-292.00,23.00,49.00,28.00,1188.00,6.00,264.00
2022-07-10 13:00:00,399.00,1477.00,0.00,-903.00,22.00,4.00,28.00,1167.00,9.00,484.00
2022-07-10 14:00:00,394.00,1507.00,0.00,-1245.00,17.00,2.00,28.00,1106.00,7.00,684.00
2022-07-10 15:00:00,392.00,1528.00,0.00,-1213.00,16.00,2.00,27.00,973.00,8.00,782.00
2022-07-10 16:00:00,386.00,1584.00,0.00,-1258.00,16.00,3.00,26.00,771.00,8.00,963.00
2022-07-10 17:00:00,386.00,1603.00,0.00,-478.00,15.00,36.00,25.00,499.00,9.00,1149.00
2022-07-10 18:00:00,396.00,1703.00,0.00,918.00,49.00,168.00,26.00,201.00,6.00,1046.00
2022-07-10 19:00:00,404.00,1832.00,0.00,1663.00,608.00,365.00,26.00,30.00,7.00,1063.00
2022-07-10 20:00:00,406.00,1924.00,0.00,1924.00,639.00,435.00,27.00,0.00,7.00,1107.00
2022-07-10 21:00:00,410.00,1986.00,0.00,1142.00,38.00,157.00,27.00,0.00,5.00,1032.00
2022-07-10 22:00:00,413.00,1942.00,0.00,1080.00,12.00,120.00,27.00,0.00,4.00,915.00
2022-07-10 23:00:00,395.00,1968.00,0.00,275.00,85.00,67.00,30.00,1.00,2.00,716.00
2022-07-11 00:00:00,399.00,1969.00,0.00,43.00,90.00,9.00,30.00,1.00,2.00,661.00
2022-07-11 01:00:00,396.00,2134.00,0.00,-117.00,18.00,5.00,30.00,1.00,2.00,602.00
2022-07-11 02:00:00,399.00,2143.00,0.00,-16.00,17.00,36.00,30.00,1.00,1.00,601.00
2022-07-11 03:00:00,396.00,2250.00,0.00,-71.00,15.00,11.00,30.00,1.00,0.00,623.00
2022-07-11 04:00:00,396.00,2256.00,0.00,293.00,340.00,69.00,28.00,1.00,1.00,589.00
2022-07-11 05:00:00,396.00,2297.00,0.00,941.00,536.00,367.00,28.00,47.00,1.00,611.00
2022-07-11 06:00:00,405.00,2320.00,0.00,969.00,223.00,301.00,29.00,281.00,1.00,588.00
2022-07-11 07:00:00,406.00,2403.00,0.00,-136.00,34.00,49.00,30.00,536.00,1.00,509.00
2022-07-11 08:00:00,406.00,2484.00,0.00,-273.00,33.00,16.00,30.00,764.00,1.00,387.00
2022-07-11 09:00:00,393.00,2487.00,0.00,-300.00,43.00,9.00,30.00,945.00,0.00,336.00
2022-07-11 10:00:00,388.00,2601.00,0.00,-53.00,39.00,54.00,29.00,1068.00,1.00,288.00
2022-07-11 11:00:00,373.00,2447.00,0.00,43.00,31.00,112.00,27.00,1129.00,1.00,280.00
2022-07-11 12:00:00,373.00,2497.00,0.00,94.00,19.00,83.00,30.00,1122.00,2.00,297.00
2022-07-11 13:00:00,373.00,2541.00,0.00,101.00,20.00,6.00,30.00,1118.00,4.00,391.00
2022-07-11 14:00:00,388.00,2306.00,0.00,42.00,18.00,7.00,30.00,1011.00,4.00,515.00
2022-07-11 15:00:00,392.00,2444.00,0.00,101.00,18.00,16.00,30.00,859.00,9.00,626.00
2022-07-11 16:00:00,399.00,2477.00,0.00,-124.00,17.00,6.00,28.00,685.00,14.00,792.00
2022-07-11 17:00:00,404.00,2540.00,0.00,-296.00,17.00,9.00,28.00,466.00,22.00,1137.00
2022-07-11 18:00:00,407.00,2621.00,0.00,433.00,22.00,256.00,30.00,222.00,25.00,1236.00
2022-07-11 19:00:00,392.00,2601.00,0.00,863.00,566.00,380.00,30.00,19.00,25.00,1329.00
2022-07-11 20:00:00,395.00,2621.00,0.00,473.00,331.00,196.00,29.00,1.00,23.00,1611.00
2022-07-11 21:00:00,403.00,2414.00,0.00,70.00,29.00,148.00,29.00,1.00,25.00,1727.00
2022-07-11 22:00:00,408.00,2421.00,0.00,-141.00,14.00,37.00,29.00,1.00,25.00,1945.00
2022-07-11 23:00:00,399.00,2371.00,0.00,-297.00,15.00,12.00,29.00,1.00,25.00,2062.00
2022-07-12 00:00:00,402.00,2270.00,0.00,-417.00,16.00,4.00,30.00,0.00,25.00,2181.00
2022-07-12 01:00:00,411.00,2316.00,0.00,-840.00,18.00,4.00,29.00,0.00,21.00,2110.00
2022-07-12 02:00:00,405.00,2260.00,0.00,-1198.00,17.00,6.00,28.00,0.00,25.00,2204.00
